0.22491,1
-0.37329,0
-0.10571,0
-0.21732,1
-0.060527,1
0.17091,1
0.34216,0
0.22715,0
0.0041676,1
-0.065161,0
0.012375,1
-0.17994,1
-0.029204,1
0.24058,1
-0.032569,1
0.054693,1
0.51576,1
0.4259,0
-0.0031237,0
0.1715,1
-0.47536,0
-0.26499,0
-0.30167,1
-0.1189,1
0.30023,1
0.1469,0
0.13129,1
0.20946,0
0.13529,1
0.06128,1
0.016567,1
-0.040121,0
-0.1051,1
0.03207,0
0.05419,1
0.0105,1
0.050497,1
-0.18365,0
-0.096678,1
-0.5456,0
0.053611,1
-0.10824,0
-0.40926,0
0.082061,1
0.58177,1
0.44934,1
-0.040876,0
-0.58126,0
0.26485,0
-0.35717,1
-0.072913,1
0.26849,1
0.13969,1
0.21416,1
-0.094557,0
-0.51381,0
0.099427,1
0.13436,1
-0.038301,1
-0.068622,0
-0.43505,1
-0.15417,0
0.15347,1
0.40283,1
-0.33835,1
0.20539,0
-0.1171,1
-0.097896,1
0.31878,0
0.30908,1
-0.007385,0
-0.02982,1
-0.33665,1
0.050875,1
0.18678,1
0.24422,0
0.2793,1
-0.090824,0
-0.098626,0
-0.085749,0
-0.43647,0
0.27946,0
0.020136,0
0.17822,1
0.043349,1
0.25624,1
0.51044,1
0.14068,0
-0.054219,1
0.40063,1
0.28704,1
0.34853,0
0.0019236,1
0.24367,1
0.28202,1
0.13574,1
-0.080437,1
0.17668,1
-0.062787,0
0.15873,1
-0.15209,0
0.083696,0
0.22138,0
0.0030792,1
0.20791,0
-0.14876,1
0.78423,0
-0.3043,1
-0.086935,0
-0.16364,1
0.040746,0
0.39621,1
0.34677,0
0.12182,1
0.32549,1
-0.074107,1
0.19888,1
-0.041062,1
0.23366,1
-0.071365,1
0.06203,1
0.073417,1
-0.29351,0
0.11127,1
0.13618,0
0.20301,1
0.41841,1
0.92745,1
-0.56641,0
-0.22957,0
0.029435,0
0.16803,1
-0.24127,1
-0.2788,1
0.28033,0
-0.033608,1
-0.035798,1
-0.030755,1
0.10768,1
-0.42611,1
0.043229,1
-0.28708,1
0.50193,1
0.32654,1
0.17469,1
0.0033291,1
-0.32683,1
0.50963,1
-0.23716,1
-0.35862,1
-0.084926,0
0.17308,1
-0.49974,1
-0.15341,0
-0.1811,1
0.04239,1
-0.43439,1
-0.065644,1
-0.097307,0
0.28528,1
0.093432,1
-0.046213,0
-0.30084,1
0.50442,1
-0.025211,1
0.15069,0
0.045814,0
-0.16608,1
-0.20639,1
0.73396,1
-0.21448,1
0.13171,0
-0.0056343,0
-0.037336,1
0.14869,1
0.22519,0
-0.31219,0
0.35165,1
0.023058,1
0.15957,1
-0.42615,0
0.18248,1
0.19545,0
0.18582,1
-0.16628,0
0.12304,0
-0.23493,1
-0.1221,0
0.2288,1
0.30521,1
0.85635,1
-0.24628,0
0.031272,1
-0.0038886,1
-0.62872,0
-0.41355,0
0.19525,1
0.087552,1
-0.44024,1
-0.21861,0
-0.0062856,0
0.066819,1
-0.47513,1
0.11421,1
0.12785,1
-0.36452,1
0.18093,0
0.24837,1
-0.13883,1
0.1639,1
0.19717,0
-0.16548,1
-0.2138,1
0.087134,0
0.19385,1
0.28461,1
-0.052538,1
0.074947,1
-0.30175,1
-0.022683,0
0.11651,1
0.78478,0
0.21718,0
-0.062076,0
0.32791,1
0.69014,1
-0.13857,1
0.27723,1
0.0013168,0
-0.27126,1
-0.23886,0
0.24926,0
0.39292,1
-0.098748,1
-0.12487,1
0.23359,1
0.3166,1
0.27139,1
-0.3146,1
0.19087,1
-0.13131,1
-0.2333,1
-0.21719,0
0.20603,1
0.19218,1
-0.21172,0
0.4254,0
0.112,1
-0.062547,1
0.045105,1
-0.34115,0
-0.15422,0
-0.33211,1
0.28526,1
0.22116,0
-0.0035488,0
0.54658,1
-0.072254,1
0.071807,0
0.3097,1
-0.27011,1
0.15491,1
-0.28298,1
0.24236,1
-0.26105,1
-0.042147,1
0.11751,0
0.31493,1
0.27961,1
0.29837,1
-0.048212,1
-0.26567,1
-0.23351,1
-0.043762,1
0.30321,1
-0.39576,0
-0.54897,1
0.36093,1
-0.27843,1
0.13062,1
0.35696,1
0.32881,1
-0.15152,1
0.23614,0
-0.26245,1
0.23228,1
0.032607,1
-0.14352,1
-0.098087,1
-0.012947,1
0.14707,1
-0.021293,1
0.26098,1
-0.12252,1
-0.46693,0
0.41217,1
0.052525,1
0.06111,1
0.051559,1
0.0045048,0
-0.020953,1
-0.46296,1
0.0083008,1
0.22137,1
0.33067,1
-0.36206,0
-0.0098206,1
0.31679,1
0.23659,1
-0.26073,1
-0.039328,1
-0.14243,0
0.14989,1
0.31566,1
0.062625,1
0.062967,1
0.58582,1
-0.45696,0
0.30912,1
-0.044665,1
0.049311,1
0.11818,1
0.003465,0
-0.28032,0
-0.45452,1
0.15901,0
0.12718,0
0.12211,1
-0.09666,1
-0.033736,1
0.032892,1
0.13765,1
0.10005,1
-0.036054,1
-0.29893,1
0.18847,0
0.46474,1
-0.49237,0
-0.37251,1
-0.30234,1
0.13811,1
0.073185,1
0.041943,1
-0.13827,1
-0.45847,1
-0.42181,1
0.047254,1
-0.25944,1
-0.0092355,1
-0.27656,0
-0.10488,1
-0.028626,1
0.1499,1
0.31485,1
0.14263,1
0.42561,1
0.52909,1
-0.35579,1
0.18944,1
0.017373,1
0.23225,1
0.29794,1
0.147,1
-0.3467,1
-0.10776,1
0.088188,0
0.17186,1
-0.017872,1
-0.055463,1
-0.17609,0
0.20369,0
0.11424,0
0.076297,1
0.51709,0
0.6443,0
0.29803,1
0.26538,1
0.22398,1
0.28708,0
-0.28239,1
0.49558,1
0.15388,1
-0.31024,1
0.025703,0
0.14452,1
0.070657,1
0.093979,1
0.20706,0
0.1099,1
0.29203,1
0.37182,1
0.11136,1
-0.012704,1
0.21898,1
-0.31315,0
0.19901,1
0.20877,0
-0.11824,1
0.40574,1
0.3596,1
-0.01007,0
0.43816,0
0.34242,1
-0.31987,1
0.18601,1
-0.4178,1
-0.17684,1
-0.064731,1
0.11753,1
0.48023,1
0.070436,0
-0.086537,0
0.071343,1
-0.19717,0
-0.10746,0
-0.29287,1
0.46078,0
-0.15471,1
0.069339,1
-0.56358,0
0.29564,1
0.28098,1
-0.037521,1
-0.33305,1
-0.21688,1
0.15509,0
-0.22516,0
-0.47102,0
0.0034086,1
0.24769,1
0.46073,0
-0.29579,0
0.33968,1
0.2882,0
-0.47101,0
0.32156,1
-0.3073,1
-0.2253,1
0.24339,1
-0.25236,1
0.40118,1
0.26272,1
-0.010592,1
-0.15217,1
-0.37259,0
-0.27055,1
-0.088654,1
-0.37268,1
0.14574,0
-0.024075,1
0.17368,1
-0.0048091,1
-0.16621,0
-0.05044,1
0.070112,0
-0.11362,1
0.28179,1
-0.25852,1
-0.34887,1
0.026382,1
0.30032,1
0.033541,1
0.37056,1
-0.21862,1
0.19763,1
0.35118,1
-0.085865,1
-0.37543,1
0.33513,1
0.17648,1
0.33399,1
0.071512,1
0.26823,1
0.086533,0
-0.11149,1
0.21418,1
0.068465,0
0.64932,1
0.18913,1
0.17103,1
-0.10882,1
0.25779,1
0.0084579,1
0.16306,1
2.967e-06,1
0.056785,1
0.16631,1
0.43918,1
0.72622,0
0.29601,1
-0.028709,1
-0.22842,1
-0.016977,1
0.12705,1
-0.024471,1
0.30297,1
-0.19196,0
-0.25002,1
-0.085254,0
0.13688,1
0.098954,1
0.29414,1
-0.16445,1
0.15003,1
0.21428,1
-0.28603,1
0.20535,1
-0.034065,0
0.71928,1
0.28649,0
0.0432,1
-0.11804,1
-0.19451,0
-0.23511,0
-0.16086,1
-0.19594,0
-0.033452,0
0.1744,1
-0.37797,1
-0.28011,1
0.37653,0
0.4614,1
0.31159,1
0.12523,1
0.33449,0
0.23512,1
0.4519,1
-0.035138,1
0.38984,1
-0.14249,1
0.0065819,0
-0.010658,1
0.32567,1
-0.22683,1
0.29869,1
-0.084799,1
-0.2384,0
-0.12306,1
0.49092,1
-0.30647,0
-0.18373,1
0.13237,1
-0.13169,1
0.34344,1
-0.10168,1
-0.078933,1
0.26324,1
0.43486,1
0.0063218,1
-0.054318,1
0.16721,1
0.01215,1
-0.013429,1
-0.29278,1
-0.15056,1
-0.05808,1
0.27384,1
0.016318,0
0.40191,1
-0.023862,1
-0.3635,1
0.4307,1
-0.018173,1
-0.010485,1
0.26377,1
0.11891,1
0.11164,0
0.4578,1
0.083292,1
0.25386,1
0.22151,1
0.085447,1
-0.035928,1
0.041966,1
-0.3756,1
-0.035897,0
-0.20699,1
-0.0061507,0
-0.010201,1
0.45803,1
-0.34703,0
0.30625,0
0.0098796,0
-0.16499,1
0.41345,0
-0.36615,0
0.12447,1
-0.1478,1
0.15198,1
0.60339,1
0.22532,1
0.1849,1
0.0146,1
0.11349,1
0.19056,1
-0.20459,1
0.24979,1
-0.31826,0
-0.016323,1
-0.04862,1
0.3383,1
-0.23552,0
0.24826,1
0.25074,0
0.04405,1
0.19596,1
0.083516,1
0.51302,0
0.10565,1
0.0047413,1
0.029933,1
-0.00058692,1
-0.10565,1
-0.48955,0
0.0065089,0
-0.12091,0
0.61377,1
0.057428,1
-0.47447,1
-0.066742,1
-0.16296,1
-0.095502,1
0.025292,1
-0.058444,0
-0.08622,1
-0.6406,1
-0.11823,0
-0.15929,0
0.030091,1
-0.054842,1
0.22108,1
-0.019487,1
0.25749,1
0.53299,1
-0.0099636,1
-0.119,1
0.014322,0
-0.075326,1
0.31104,1
0.0518,1
-0.15621,0
-0.17546,1
-0.026599,1
-0.087673,1
0.081917,1
-0.028398,1
-0.099377,1
0.012757,1
0.1857,1
0.25461,1
0.24234,1
0.27712,1
0.24079,1
-0.039856,1
-0.22674,1
-0.33126,0
0.39517,0
0.025389,0
0.15023,0
0.024685,1
0.32287,1
-0.20201,0
-0.20991,0
0.12059,0
0.1422,1
-0.48373,1
-0.11787,1
-0.2632,0
0.077349,1
-0.020067,1
0.10246,1
-0.22055,1
-0.064956,0
-0.006647,0
0.19141,1
-0.38549,1
-0.33054,0
0.24428,1
0.041248,0
0.10862,1
-0.34191,0
0.57205,1
-0.2542,0
0.15365,1
0.42719,1
0.16013,1
0.3119,1
0.13027,0
0.10712,1
0.14655,1
-0.096246,1
0.31039,1
0.61272,1
0.33097,0
-0.08373,1
0.1091,1
-0.44862,0
0.12411,1
-0.20524,0
0.051618,0
0.47197,1
-0.40569,0
-0.35127,0
-0.12126,1
0.19246,1
0.27308,1
0.29364,0
-0.00027773,1
0.35927,1
0.1325,1
-0.0067244,1
0.29522,1
0.25794,0
0.010648,1
-0.030025,0
-0.3277,0
0.0055311,1
-0.0075849,0
-0.15216,0
-0.10772,1
0.41268,0
0.56049,0
-0.37352,1
0.01992,0
0.35006,0
-0.046838,1
-0.32616,1
-0.15879,1
-0.13351,1
-0.30205,1
-0.044599,1
0.44133,1
-0.07195,0
0.26822,1
-0.048283,1
0.2066,1
-0.035854,1
0.13531,0
0.35451,1
-0.11187,0
-0.013919,1
-0.34776,0
-0.076492,1
-0.10193,1
0.13768,0
-0.47124,1
-0.62491,1
0.4235,0
0.12011,1
-0.22769,0
-0.026358,1
0.10817,0
-0.078474,1
0.066444,0
-0.31331,0
-0.041106,1
0.21142,1
-0.0023858,0
0.2446,0
0.30084,1
-0.030656,0
0.023982,1
-0.00061542,1
-0.16067,0
-0.47446,1
-0.087966,1
0.53032,1
-0.46426,1
-0.34388,1
0.0060654,0
0.29774,1
0.08951,1
-0.23466,1
-0.17768,1
0.055218,1
0.05008,1
-0.059269,0
-0.023853,0
-0.12528,0
-0.17361,0
0.082183,1
-0.003654,0
0.15258,0
0.47329,1
0.30422,1
-0.25474,1
-0.072681,1
-0.10482,1
0.31849,1
0.12458,1
0.040378,1
0.35339,1
0.28342,1
-0.11127,1
0.2777,1
0.010686,0
0.050818,0
0.02818,1
-0.06289,1
0.35455,1
-0.15048,0
0.18208,0
-0.082136,1
-0.12799,1
0.65378,0
-0.18057,0
-0.0612,0
0.46675,1
0.55,1
0.032534,0
-0.25152,0
-0.14106,1
-0.33849,1
0.32868,1
0.085137,1
0.31467,1
0.27921,1
0.06821,1
-0.33454,1
-0.14016,0
-0.29561,1
-0.12782,1
0.017758,0
0.3668,0
-0.081465,1
0.22499,1
-0.11879,0
-0.19057,0
0.77698,1
-0.061947,1
-0.30949,1
0.1312,1
0.064718,1
-0.062545,1
-0.33436,1
0.52214,1
-0.31348,0
0.063833,0
0.10628,1
-0.17335,1
-0.084844,0
0.1899,1
-0.027446,0
0.42126,1
0.0042156,1
0.62243,1
0.16536,1
-0.11305,1
0.29367,1
0.37626,1
-0.16737,1
-0.27002,1
0.31702,1
0.040433,1
0.33065,1
-0.28585,1
0.11054,1
-0.65369,1
0.068469,1
-0.14349,1
-0.059225,1
-0.098481,0
-0.37158,1
0.23456,1
-0.11601,1
-0.21841,1
0.26712,0
0.31518,0
-0.17837,1
-0.086658,1
-0.27881,1
0.34767,1
0.1155,1
0.1963,1
-0.16235,1
0.10455,1
-0.16771,0
-0.10764,0
-0.059522,1
-0.3233,1
0.51589,1
-0.32338,1
0.24432,1
0.0078953,0
-0.097487,0
0.30594,1
0.51424,1
-0.17695,1
0.063905,1
-0.1586,0
0.11274,1
0.47077,0
0.07652,1
0.91613,1
0.21638,1
0.012891,1
0.41848,0
0.018137,1
0.20342,0
0.089954,1
-0.016139,1
-0.17923,1
-0.029947,1
0.63629,1
0.0017629,0
0.43829,1
0.46075,1
0.24192,1
0.57834,1
-0.29633,0
0.082308,1
-0.078102,0
-0.16992,0
0.045231,0
0.48874,1
-0.13879,0
0.3674,1
0.027035,1
0.077027,1
-0.079954,1
0.044922,0
0.18094,1
-0.060869,1
-0.014168,0
-0.22558,1
0.023511,1
-0.12605,0
0.16427,1
0.80369,0
0.20891,1
0.12518,1
-0.059615,1
0.41247,1
0.30347,1
0.087307,0
-0.052441,1
-0.099803,1
0.090816,1
-0.31764,1
-0.29622,0
0.12868,1
-0.026747,1
-0.003864,1
0.80513,1
0.091824,1
-0.37718,1
-0.0097405,0
-0.20532,0
0.17201,1
-0.76806,1
0.10662,1
0.03205,1
-0.57318,1
-0.092183,0
-0.1402,1
0.12541,1
0.27527,1
-0.060265,1
0.3594,0
0.17865,1
0.03268,1
0.41633,1
-0.13892,1
-0.24804,1
0.061325,1
0.13973,1
-0.25757,0
-0.23955,0
-0.19844,0
0.22013,0
-0.20854,0
-0.10467,1
-0.19607,1
0.5318,1
-0.16134,1
-0.085308,1
-0.23548,1
0.045734,0
-0.07834,1
0.085112,1
0.073423,1
-0.016675,1
0.73904,1
-0.01336,1
0.13082,0
-0.36721,1
0.10462,1
-0.4163,0
0.014536,1
0.26759,1
0.26161,1
0.2656,0
-0.28014,1
-0.23478,1
-0.5867,1
-0.8299,1
-0.20206,1
0.29045,0
0.36818,0
-0.093446,1
-0.067538,1
0.0068842,1
0.089416,0
-0.26842,1
0.21545,0
0.0024645,0
-0.15954,1
-0.0035258,1
0.11348,1
0.12324,0
0.13321,0
-0.09156,0
0.43302,1
0.4755,1
0.83663,1
0.10378,1
0.64576,1
-0.037845,1
0.43596,1
0.12036,1
0.34881,1
0.13822,1
0.18034,1
-0.027508,0
0.24776,1
-0.037719,1
0.031462,1
0.1492,1
-0.16689,0
0.10174,1
-0.31667,1
0.31718,1
-0.26291,1
-0.13551,1
0.40972,1
0.5405,1
-0.62571,1
0.85724,1
-0.1201,1
0.4649,0
0.33928,1
0.085032,1
0.048929,1
0.093929,1
0.6697,0
-0.27596,1
0.053403,0
-0.2458,1
0.12963,1
-0.22362,1
0.041877,1
-0.13974,1
0.011103,1
0.55897,1
-0.03273,1
0.76105,1
-0.19182,1
0.72958,1
-0.0026771,1
-0.1645,1
-0.11227,1
-0.044634,1
-0.088107,1
-0.03701,1
-0.06734,0
0.093202,1
-0.021913,1
-0.36314,0
0.15469,1
-0.093715,1
-0.057982,0
-0.035215,1
-0.16131,1
0.25555,0
-0.25966,1
-0.22317,1
0.011966,1
0.37105,1
-0.34358,1
-0.16139,1
0.064566,1
-0.17966,0
0.26533,1
-0.080412,1
0.028975,1
0.069906,1
0.066753,1
0.026502,1
0.33984,1
0.055441,1
0.04682,1
-0.38857,0
-0.2269,0
0.094823,1
0.24159,1
-0.2187,0
0.2453,1
-0.048983,0
-0.07156,1
-0.39191,1
-0.24563,1
0.29052,0
-0.13426,1
-0.28741,1
0.12214,1
0.017643,1
-0.29352,1
0.34262,1
0.011028,1
-0.081625,1
0.10875,0
0.46866,1
0.32507,1
0.0094165,1
-0.025104,1
0.17529,1
-0.34785,1
0.14303,0
-0.051583,1
0.26175,1
0.20533,1
0.21579,0
0.36896,1
0.1184,1
0.51198,1
-0.10853,1
0.23688,1
-0.25967,1
-0.023485,1
-0.14094,0
-0.020784,0
0.036436,1
-0.19712,1
0.13491,1
-0.090518,1
0.38449,1
-0.34823,1
0.46363,1
0.027418,0
0.21257,1
0.20451,1
0.23151,1
0.48351,1
0.14408,1
-0.33873,1
0.145,1
0.2776,0
0.73782,1
0.079517,1
-0.1062,1
-0.072213,1
0.15735,1
-0.38076,1
-0.030666,1
0.13996,0
-0.19334,1
0.59324,1
-0.069259,1
-0.014419,1
-0.57441,1
0.38955,0
-0.24713,1
-0.012104,1
0.27976,1
-0.065863,1
-0.0046732,0
0.11033,1
-0.24682,1
0.075074,0
-0.10077,1
0.039278,1
0.11363,1
-0.076629,1
0.5223,0
0.10235,1
0.25091,1
-0.0069971,1
0.068374,0
0.40037,0
-0.044775,1
0.47502,0
0.26023,1
0.24858,1
0.10831,1
0.001374,1
-0.34823,1
-0.046187,0
0.39721,1
-0.055415,1
0.24995,1
0.07958,1
-0.074713,0
0.12355,1
-0.27963,0
0.74451,1
-0.19124,0
0.21043,1
-0.44349,1
-0.3499,1
0.4266,1
0.45723,1
0.35973,1
-0.26867,1
0.2383,1
0.70507,1
0.43548,1
-0.17731,1
-0.28105,0
-0.15613,0
0.69432,0
0.15503,1
0.15395,1
0.41199,1
-0.18373,1
0.52013,1
0.16317,1
0.029077,0
0.048696,1
0.093179,1
-0.3453,1
-0.27384,0
0.15516,1
0.078521,1
-0.082189,1
0.1816,1
-0.23694,1
-0.17305,0
0.26656,1
0.16162,1
0.02447,1
0.042061,1
0.23625,0
-0.13154,0
-0.12094,0
-0.26911,1
0.56891,1
-0.23635,1
-0.24325,0
0.053574,1
0.33802,1
-0.15972,1
0.038493,1
0.70264,1
-0.088375,0
-0.16853,1
0.16692,1
0.15212,1
0.31389,1
-0.10557,1
-0.18157,1
0.37957,1
0.11725,1
0.41071,1
-0.22021,0
0.015469,0
0.3834,0
-0.001003,1
-0.39368,1
-0.040049,0
-0.0036983,1
0.23836,0
-0.17335,1
0.18486,1
-0.30626,1
0.23789,1
0.11358,1
-0.0074945,0
0.18746,1
0.2713,0
0.22914,1
-0.34077,1
0.094447,1
-0.080371,1
-0.0088067,1
-0.18533,1
0.5776,1
-0.45142,1
0.14599,1
0.035088,1
0.32494,1
0.26235,1
0.40518,1
-0.2763,1
-0.94689,1
0.17118,1
0.36295,1
0.12445,0
0.12191,1
0.15705,1
0.30399,1
0.13579,1
0.061762,1
-0.41021,0
0.03624,0
-0.067342,1
-0.12017,0
0.12591,1
0.28148,1
-0.035529,1
-0.1258,1
0.35179,1
-0.31778,1
0.72582,1
-0.27157,1
0.3381,0
0.20373,1
0.2709,0
-0.069518,1
-0.52115,0
0.01041,1
0.23899,1
-0.23045,1
0.13315,1
-0.072534,0
0.042044,1
0.43733,1
0.24768,1
0.0033924,1
0.14201,0
-0.0919,1
0.25241,1
-0.37823,1
0.34007,1
-0.18144,1
-0.11901,1
0.35934,0
0.50604,1
-0.11609,1
0.63948,1
-0.16804,1
0.012613,1
-0.015438,1
-0.098067,1
-0.20421,1
-0.18035,1
-0.1321,0
0.11028,1
-0.039751,1
-0.080171,1
0.35195,0
-0.022286,0
0.4144,1
0.3928,1
-0.12621,1
-0.11474,0
-0.19647,1
0.18679,1
0.22504,1
-0.40699,1
0.62592,1
-0.18613,1
-0.027753,1
0.012884,1
0.11475,1
0.67515,1
-0.49316,1
-0.076779,0
-0.28251,0
-0.163,1
0.65193,1
0.39201,1
-0.070793,1
0.18689,0
0.11739,1
-0.027638,1
-0.19952,1
0.018427,1
0.41404,1
0.076525,1
0.2107,1
0.0012484,1
-0.017131,0
0.28345,0
-0.0063647,1
-0.55239,1
0.501,1
0.14726,0
-0.23826,0
0.017657,0
0.13492,0
0.40152,0
0.23537,0
0.051103,1
0.081838,0
0.17115,1
-0.18324,1
0.15154,0
0.8086,1
0.25584,1
0.52296,1
0.0092845,1
0.60148,0
0.1879,1
0.24361,1
0.07152,1
-0.073842,1
0.29704,1
0.010676,0
0.076665,1
-0.12457,0
-0.032648,1
0.26305,1
-0.58293,1
0.11892,0
-0.2127,0
0.073869,1
-0.20027,0
0.29864,1
-0.21912,1
0.39165,0
-0.0056266,1
0.18342,1
-0.2364,1
-0.2848,1
0.2439,1
-0.15637,1
-0.17434,1
0.16307,1
0.18068,1
-0.17013,1
-0.25627,1
0.0073396,0
0.062881,0
0.02662,0
-0.18015,1
0.12239,1
0.51355,1
0.26335,0
-0.39701,1
0.16395,1
0.068798,1
-0.33133,0
-0.20364,0
0.27451,0
0.21818,1
0.045088,1
0.34073,1
-0.27452,0
0.11839,1
-0.069739,1
0.011399,0
0.30422,1
0.5137,1
0.26322,1
-0.19495,1
0.40869,1
0.046641,1
0.4364,1
-0.10433,0
-0.087881,0
0.34309,1
0.44091,1
0.27697,1
0.81256,1
-0.20367,0
0.13857,1
-0.041342,1
-0.24313,1
-0.1117,0
0.188,1
-0.10701,1
-0.29105,1
0.021589,1
-0.021002,1
0.0014976,0
0.33025,1
0.012405,0
0.19554,1
-0.024139,0
-0.23926,1
0.18592,1
-0.53847,1
0.12377,1
-0.0057348,1
-0.26747,1
0.13597,1
0.21923,1
0.090492,1
-0.12666,1
-0.64076,1
0.18302,1
-0.20247,0
0.011232,1
0.47805,1
0.056681,0
0.12599,1
0.060284,1
0.11096,1
-0.063924,0
-0.33414,1
0.08061,1
0.32038,1
-0.21178,1
-0.1353,1
0.0766,1
-0.52112,1
0.1589,1
-0.03203,1
-0.18288,1
0.47593,1
0.11011,0
0.51555,0
0.13642,1
-0.023085,1
-0.14552,1
-0.0068279,0
0.023775,1
-0.3708,0
-0.48253,1
0.50987,1
0.63262,1
0.10437,1
0.13819,1
0.291,1
0.75284,1
-0.1146,1
0.37947,1
-0.13339,1
0.24555,0
0.30451,1
-0.51423,0
0.21923,1
-0.17496,1
-0.17377,1
-0.056673,1
0.082373,1
0.11618,1
-0.025126,1
0.015892,0
0.13202,0
-0.28177,1
-0.36302,1
-0.56275,0
0.060012,1
0.3698,1
-0.42156,1
0.067109,0
-0.15925,1
0.18587,1
0.20408,1
0.43891,0
-0.032404,0
0.25267,1
-0.33165,0
0.20107,0
-0.022542,1
0.047877,1
0.014455,1
-0.15372,1
-0.033762,1
0.54116,1
-0.13104,0
0.081117,1
-0.11585,1
0.052645,1
-0.06366,1
-0.26198,1
-0.43675,1
0.36266,1
0.038015,1
-0.039167,1
0.23252,1
-0.46564,1
-0.27971,0
0.50718,1
-0.095329,1
0.062303,1
0.38485,1
-0.15881,0
0.25639,1
0.3868,1
0.16459,1
0.30799,1
0.68164,0
-0.041125,1
-0.14541,1
0.22753,1
-0.48325,0
0.0043661,0
0.1384,1
-0.11766,1
-0.12906,1
0.35484,1
-0.42416,1
-0.29008,0
-0.25756,1
-0.043424,0
-0.095785,1
0.36802,0
0.054938,1
0.14719,1
-0.054351,0
0.42182,1
-0.18471,1
-0.19391,1
-0.16259,1
-0.15713,1
0.14142,1
-0.35994,1
-0.16355,1
0.32443,1
-0.11226,1
-0.20534,1
-0.33179,1
-0.098485,0
0.043422,0
-0.15186,1
-0.029966,1
-0.18253,1
-0.1149,0
-0.038693,1
0.24699,1
0.12075,1
0.32579,1
-0.31869,1
0.81967,1
-0.10833,0
0.4221,1
-0.1295,1
-0.13723,0
0.35304,1
0.10967,1
-0.16571,1
-0.25084,1
0.24802,1
-0.069539,1
0.056179,1
-0.11616,0
0.21879,1
-0.045325,1
-0.2925,1
-0.24777,1
-0.62897,1
-0.038163,0
0.42377,1
-0.060075,1
-0.30563,1
-0.25641,1
-0.49007,0
-0.23157,1
-0.10777,0
-0.12896,1
-0.5646,1
-0.094043,1
-0.10934,1
0.52811,1
0.11683,0
0.16992,1
0.42351,0
0.11318,0
-0.094681,1
0.094674,1
0.047662,1
0.12834,1
-0.15238,1
0.21711,0
0.63138,1
0.01194,1
0.20016,0
0.31973,1
0.22497,1
-0.015969,1
0.070138,1
0.14135,1
-0.22309,0
-0.2032,1
-0.02461,0
-0.17053,1
-0.14515,0
-0.21529,0
-0.0044743,1
0.13319,1
0.37319,0
-0.32792,1
-0.27804,0
0.2554,1
-0.14691,1
0.41353,0
-0.045639,1
0.11102,1
0.19002,1
-0.041192,0
-0.54421,1
0.27619,1
-0.15841,1
-0.33199,1
0.0090212,1
0.0037422,1
0.55322,1
-0.021225,0
0.34617,0
0.18553,0
0.015208,0
-0.21683,1
0.076658,1
-0.021448,1
0.17421,1
-0.21218,0
-0.65463,1
0.52813,1
-0.092873,1
-0.050261,0
0.14404,1
0.076701,1
0.29193,1
-0.1898,0
-0.22507,1
-0.16764,0
0.20705,0
-0.20399,0
-0.054903,1
0.084871,0
0.15945,0
0.10298,1
-0.10139,1
0.14546,1
0.47828,1
-0.19226,1
0.031196,0
-0.4195,1
-0.20845,0
0.010414,1
0.11904,1
0.029568,1
-0.44233,1
0.37401,0
0.62036,0
-0.1205,1
0.030302,1
0.074048,0
-0.011741,1
-0.067239,1
-0.2229,1
-0.21766,1
0.34765,1
-0.29247,1
0.25171,0
-0.28702,0
0.47621,1
0.20972,1
-0.32902,1
0.14738,1
0.0086318,1
-0.026316,1
-0.075046,0
-0.13539,1
0.098076,1
-0.31873,1
-0.010936,1
0.3619,1
-0.24861,1
-0.067055,1
0.54295,1
0.0010519,1
0.096449,1
0.12364,0
-0.36554,1
0.33261,1
-0.013029,1
-0.01062,1
-0.23629,1
0.73974,1
-0.11706,1
0.16686,0
0.12476,1
-0.46385,1
0.088502,1
-0.19629,1
0.4407,0
-0.27092,1
0.30755,0
0.31087,1
0.088363,1
-0.1445,1
-0.010407,1
0.027492,1
0.056995,1
0.14846,1
-0.61373,1
-0.36345,1
0.15025,1
0.042562,0
-0.44726,1
0.18009,1
-0.15196,1
0.24687,0
0.15479,1
-0.11778,1
-0.19381,0
0.33819,1
0.22844,1
0.011522,0
-0.02819,0
-0.17845,1
0.072264,1
0.21632,0
-0.28882,1
0.039792,1
0.0095161,1
0.32105,1
-0.068183,0
0.60128,1
0.017307,1
-0.088862,1
0.21447,1
-0.3408,1
0.22595,1
0.19455,1
0.0085187,1
-0.2713,0
-0.048393,1
0.13406,1
0.3122,1
-0.22771,1
-0.062711,0
-0.25655,1
0.27985,0
0.085043,1
-0.022291,0
-0.10333,0
-0.068685,1
0.32736,0
-0.002125,1
0.14117,0
0.5508,1
-0.17078,1
0.061101,1
0.024794,1
-0.48665,1
-0.11828,1
-0.083386,1
0.34513,1
-0.29045,0
-0.06923,1
0.34847,0
0.39186,1
0.050475,1
-0.47492,1
-0.38606,1
0.36568,1
0.26958,1
-0.23957,1
-0.12152,1
0.048551,1
0.16267,1
-0.26318,1
-0.32429,0
0.012506,1
0.37323,0
-0.092962,1
-0.28708,1
-0.23156,1
0.19259,1
0.13234,0
-0.10264,1
0.065161,0
0.31828,1
0.55323,1
0.020357,0
0.19739,1
0.30471,0
0.80199,0
-0.30733,1
-0.40907,0
0.05707,0
0.20116,1
-0.020395,1
0.43769,1
0.13985,1
-0.48888,0
-0.021129,0
0.049678,1
-0.32024,1
0.18489,0
0.040775,0
0.29751,0
0.23529,0
0.4896,1
0.4498,1
-0.27997,1
-0.22064,1
-0.01851,0
0.35426,1
-0.29135,1
-0.066707,1
-0.50307,1
-0.32743,1
-0.058165,1
0.12878,1
0.20193,0
0.32419,1
0.044228,1
0.047894,1
0.42572,1
0.17196,1
0.17653,1
0.578,1
0.13367,1
0.44107,1
-0.23252,1
-0.38867,1
0.1022,1
0.21645,0
-0.36184,1
0.12544,1
-0.037349,1
0.13385,1
0.56482,0
0.2587,0
-0.20533,1
-0.039909,1
-0.47073,1
0.0050037,1
-0.19601,1
0.071801,1
0.19717,1
-0.13229,1
-0.10501,0
-0.023598,1
0.28995,1
-0.55505,1
0.024576,0
0.087015,1
-0.071695,1
-0.13929,1
-0.44459,1
0.61656,1
-0.01469,1
0.7479,0
0.060866,1
-0.29242,1
0.43426,1
0.37522,0
0.14834,0
0.13448,1
0.34678,1
0.25936,1
-0.135,1
-0.12542,0
-0.11276,0
0.25308,1
0.049291,1
0.14231,0
0.1765,0
0.076996,1
-0.1037,1
-0.0025746,0
-0.43755,1
-0.091118,0
-0.18714,1
0.15703,1
-0.087726,1
-0.28378,0
-0.41959,1
0.006327,1
0.0098465,0
0.47379,1
-0.27232,1
0.11386,1
-0.083021,1
-0.20586,0
0.013877,1
-0.049059,0
0.26009,1
-0.28951,0
0.12415,1
0.41936,1
-0.072354,1
-0.42875,0
0.39545,1
-0.49514,0
-0.32683,1
-0.085512,1
0.18469,1
-0.11103,0
0.020748,1
-0.053154,1
0.7175,1
-0.05017,0
0.19023,1
-0.20031,1
-0.001814,1
