signal,subject,freq,condition
-0.316385279971877,1,3,1
-0.203289238220858,2,3,1
0.114580338938518,3,3,1
0.165880889249299,4,3,1
-0.320158945678446,5,3,1
0.164022200791861,6,3,1
0.0150009342666003,7,3,1
-0.085797736493419,8,3,1
-0.303290109949336,9,3,1
0.391584589697308,10,3,1
0.227594898492125,11,3,1
0.113295522917036,12,3,1
0.10822530195577,13,3,1
-0.198944535988727,14,3,1
0.298596268156179,15,3,1
0.351747102648189,16,3,1
-0.00550377198286352,17,3,1
-0.0883505439626,18,3,1
-0.215489476985137,19,3,1
-0.0848450185245808,20,3,1
-0.0400181847412148,21,3,1
-0.467948395924472,1,4,1
-0.201981647910564,2,4,1
0.244337933798888,3,4,1
0.279083726415081,4,4,1
-0.0336113510086272,5,4,1
0.155859172507163,6,4,1
-0.00160236971210699,7,4,1
-0.126095280346249,8,4,1
-0.233349316911705,9,4,1
0.101474907609614,10,4,1
0.529594762749757,11,4,1
-0.0363541941210262,12,4,1
0.20210460423995,13,4,1
-0.168262257182094,14,4,1
0.382684413373997,15,4,1
0.134782798013644,16,4,1
0.262602055725506,17,4,1
-0.241122666505795,18,4,1
0.111726875923502,19,4,1
-0.0991775360370561,20,4,1
-0.112050854540086,21,4,1
-0.155399336568819,1,5,1
-0.198449057260821,2,5,1
0.254120630924192,3,5,1
0.251632369160919,4,5,1
0.0927160721311459,5,5,1
0.169706441615803,6,5,1
0.0305906250596697,7,5,1
-0.049506245859956,8,5,1
-0.118194545932165,9,5,1
-0.0750906726766224,10,5,1
0.342050261534781,11,5,1
-0.0982450398854306,12,5,1
0.422580646056211,13,5,1
-0.0843656771874492,14,5,1
0.41451328654677,15,5,1
0.227330981641284,16,5,1
0.506977907707406,17,5,1
-0.327692068956808,18,5,1
0.178801181032335,19,5,1
-0.09791947556141,20,5,1
-0.0299140258938805,21,5,1
0.189236771713656,1,6,1
-0.181272362353653,2,6,1
0.204783005780446,3,6,1
0.161616247740157,4,6,1
0.0733267983494112,5,6,1
0.273674781841442,6,6,1
0.159668264899685,7,6,1
0.056923823378786,8,6,1
-0.0458782018281673,9,6,1
0.0517819193318673,10,6,1
0.0387484764468381,11,6,1
-0.1068730435127,12,6,1
0.45582584861251,13,6,1
-0.0248783323853784,14,6,1
0.26625417768398,15,6,1
0.29793365856622,16,6,1
0.43941214738549,17,6,1
-0.331222080009076,18,6,1
0.146026345649063,19,6,1
-0.114953181713921,20,6,1
0.141281121652192,21,6,1
0.315622208043525,1,7,1
-0.129377528341256,2,7,1
0.138492177638292,3,7,1
0.0877844769774076,4,7,1
0.0513327926573729,5,7,1
0.296926244618574,6,7,1
0.191956457929361,7,7,1
0.039775594766262,8,7,1
-0.0279789573403335,9,7,1
0.0939709979272274,10,7,1
-0.00889843438929861,11,7,1
-0.00678063647144493,12,7,1
0.261619783831123,13,7,1
-0.0952579623766131,14,7,1
0.0413924294204242,15,7,1
0.195295420808171,16,7,1
0.224403105101562,17,7,1
-0.302507510235483,18,7,1
0.180993859099494,19,7,1
-0.175511839827858,20,7,1
0.171886887110381,21,7,1
0.288953745295574,1,8,1
-0.0913990170467604,2,8,1
0.0770373268596205,3,8,1
0.104846381793534,4,8,1
0.0557341606008046,5,8,1
0.187531135997392,6,8,1
0.150345688854589,7,8,1
-0.0398994869196574,8,8,1
-0.0127868173392342,9,8,1
-0.0170046822899702,10,8,1
0.134574423845181,11,8,1
0.031845056853762,12,8,1
-0.242284805868844,13,8,1
-0.214580095007123,14,8,1
-0.160286336107827,15,8,1
0.21091813961087,16,8,1
0.102319690758845,17,8,1
-0.292422732621734,18,8,1
0.249906611616605,19,8,1
-0.165804555170037,20,8,1
0.0572740071420347,21,8,1
0.222583458420827,1,9,1
-0.0443951651093213,2,9,1
0.0531665692286414,3,9,1
0.106452945371222,4,9,1
0.0481122119643439,5,9,1
0.0360344825913027,6,9,1
0.140566702611556,7,9,1
-0.142429613492538,8,9,1
0.0445126967659614,9,9,1
-0.270380427019602,10,9,1
0.2210214180228,11,9,1
0.0248118754043112,12,9,1
-0.427566789941168,13,9,1
-0.246239817199387,14,9,1
-0.241049901954868,15,9,1
0.296536090954603,16,9,1
0.127109037582347,17,9,1
-0.290614458047937,18,9,1
0.330321374879296,19,9,1
-0.106696006616224,20,9,1
-0.0180527076126067,21,9,1
0.165060887921578,1,10,1
-0.0164032343802808,2,10,1
0.0789243666870372,3,10,1
0.0815178705432939,4,10,1
-0.0104032457133413,5,10,1
-0.0586013969410239,6,10,1
0.186645319378526,7,10,1
-0.2196750312815,8,10,1
0.0680352619881191,9,10,1
-0.463188086462559,10,10,1
0.181322654606302,11,10,1
0.0125180269794332,12,10,1
-0.377405847008069,13,10,1
-0.206566246017183,14,10,1
-0.170844192097426,15,10,1
0.351727270582794,16,10,1
0.143545949797799,17,10,1
-0.266743934442646,18,10,1
0.305181857406677,19,10,1
-0.0958604360482774,20,10,1
-0.0634231645571215,21,10,1
0.114986853342675,1,11,1
-0.0391055074181389,2,11,1
0.094304465828492,3,11,1
0.0794792652167929,4,11,1
-0.0597983986853178,5,11,1
-0.0917726643850673,6,11,1
0.275059037534479,7,11,1
-0.298212647235723,8,11,1
0.0248348243876985,9,11,1
-0.444122227615196,10,11,1
0.0810678665309659,11,11,1
0.0273669503429777,12,11,1
-0.309084052747619,13,11,1
-0.150311269263526,14,11,1
-0.0209260838170923,15,11,1
0.338085049902009,16,11,1
0.030557745352723,17,11,1
-0.197488104467347,18,11,1
0.196731363529078,19,11,1
-0.126283852414588,20,11,1
-0.0932488786866661,21,11,1
0.0604781424681494,1,12,1
-0.0939499218802975,2,12,1
0.0480050138228091,3,12,1
0.108336815373556,4,12,1
-0.0541104145629425,5,12,1
-0.0802193194889576,6,12,1
0.331268711765845,7,12,1
-0.369694425960491,8,12,1
-0.0186299917993669,9,12,1
-0.34380288814446,10,12,1
-0.00368090162715179,11,12,1
0.0753046571536755,12,12,1
-0.25214433586142,13,12,1
-0.124586413663823,14,12,1
0.169385832665579,15,12,1
0.194892885982207,16,12,1
-0.199775269917451,17,12,1
-0.124868030871552,18,12,1
0.102801385651154,19,12,1
-0.130328245980684,20,12,1
-0.106246616481001,21,12,1
0.018171903423587,1,13,1
-0.132851392124675,2,13,1
-0.0441438050428319,3,13,1
0.128859568315125,4,13,1
-0.00598746100529032,5,13,1
-0.00713904788802506,6,13,1
0.331478341135798,7,13,1
-0.419376949380151,8,13,1
-0.0184162949637279,9,13,1
-0.242947305984149,10,13,1
-0.0102123724994471,11,13,1
0.104717465024434,12,13,1
-0.195723709106215,13,13,1
-0.117411443551263,14,13,1
0.350385091961297,15,13,1
0.00149525446029379,16,13,1
-0.411883876698032,17,13,1
-0.0670421076547597,18,13,1
0.0244510953001154,19,13,1
-0.0976408113274443,20,13,1
-0.0888654613068683,21,13,1
0.0371866435687444,1,14,1
-0.119416065474086,2,14,1
-0.129994062198797,3,14,1
0.131990551382599,4,14,1
0.0584484566758592,5,14,1
0.137115794960955,6,14,1
0.270146472098232,7,14,1
-0.452502508202741,8,14,1
0.0297665494696899,9,14,1
-0.190203195147876,10,14,1
0.0701455034851959,11,14,1
0.0425839933073773,12,14,1
-0.133669463667397,13,14,1
-0.10311849680079,14,14,1
0.482125001942934,15,14,1
-0.118582093390909,16,14,1
-0.493312843588485,17,14,1
-0.0251147367416101,18,14,1
-0.0336855528216977,19,14,1
-0.0562260216236243,20,14,1
-0.0392819772902332,21,14,1
0.114972051436858,1,15,1
-0.0829817604812056,2,15,1
-0.158828267985952,3,15,1
0.12285794669573,4,15,1
0.122208440770004,5,15,1
0.326457573353338,6,15,1
0.162451227197111,7,15,1
-0.442082685682478,8,15,1
0.0883483181888734,9,15,1
-0.184275308410322,10,15,1
0.151896855024443,11,15,1
-0.138279627286906,12,15,1
-0.0772950044336585,13,15,1
-0.078783047952453,14,15,1
0.569938230182058,15,15,1
-0.140782897556665,16,15,1
-0.454829690424325,17,15,1
0.0120746650989413,18,15,1
-0.0648884002932095,19,15,1
-0.0426001113576004,20,15,1
0.00704951019719237,21,15,1
0.190707534547596,1,16,1
-0.0573583973117529,2,16,1
-0.147526595565362,3,16,1
0.101833526848046,4,16,1
0.156871262841103,5,16,1
0.41926525751211,6,16,1
0.0686007244138513,7,16,1
-0.390668436770999,8,16,1
0.117122182380555,9,16,1
-0.198239294611269,10,16,1
0.181058334123218,11,16,1
-0.331919615569014,12,16,1
-0.0551571273340354,13,16,1
-0.0693971949454452,14,16,1
0.623085831627688,15,16,1
-0.0848697433712976,16,16,1
-0.390456632290516,17,16,1
0.0435133139032129,18,16,1
-0.0719602360182897,19,16,1
-0.0718769164449534,20,16,1
0.0158585166604253,21,16,1
0.243925559130998,1,17,1
-0.0462166802557968,2,17,1
-0.121505780179264,3,17,1
0.0690412336374883,4,17,1
0.164925317296476,5,17,1
0.299199259421549,6,17,1
0.027006025352764,7,17,1
-0.337862345016923,8,17,1
0.128071169743272,9,17,1
-0.215071849787727,10,17,1
0.150417466741533,11,17,1
-0.404165597867523,12,17,1
-0.058846176868736,13,17,1
-0.0807961256578581,14,17,1
0.647895677892996,15,17,1
-0.00336928833962827,16,17,1
-0.373303135141783,17,17,1
0.0718507831359261,18,17,1
-0.0620458880642615,19,17,1
-0.119691240232557,20,17,1
-0.00723195153959433,21,17,1
0.284433788789653,1,18,1
-0.0449064482732019,2,18,1
-0.0812356230473349,3,18,1
0.028008195728564,4,18,1
0.154081200105237,5,18,1
0.153169100395927,6,18,1
0.0448212288167748,7,18,1
-0.300140617720923,8,18,1
0.161643468994074,9,18,1
-0.224592398548172,10,18,1
0.0894484657147256,11,18,1
-0.363207043315481,12,18,1
-0.0601655240130024,13,18,1
-0.0933496321068789,14,18,1
0.638167918283979,15,18,1
0.0469881310767666,16,18,1
-0.403966155130398,17,18,1
0.101990123149732,18,18,1
-0.0453994594505533,19,18,1
-0.15653000915258,20,18,1
-0.0275437115213375,21,18,1
0.320254889458956,1,19,1
-0.0540446928247319,2,19,1
-0.0262512055710081,3,19,1
-0.00705554959411105,4,19,1
0.122929093478898,5,19,1
0.0317595519680777,6,19,1
0.114174344424791,7,19,1
-0.27045694116875,8,19,1
0.215981620227895,9,19,1
-0.24467119415702,10,19,1
0.0353326169569797,11,19,1
-0.229545417438344,12,19,1
-0.0423905939732043,13,19,1
-0.103303103630874,14,19,1
0.582533691655898,15,19,1
0.0415143124741305,16,19,1
-0.439289062854563,17,19,1
0.128077941853312,18,19,1
-0.0328252667889175,19,19,1
-0.172557080398294,20,19,1
-0.010984135950352,21,19,1
0.343913687721125,1,20,1
-0.0730223869079072,2,20,1
0.0248791493017775,3,20,1
-0.0197466933846621,4,20,1
0.0738215127771136,5,20,1
-0.0592774227612976,6,20,1
0.195142126274982,7,20,1
-0.23838848061262,8,20,1
0.286226636992607,9,20,1
-0.286729864767381,10,20,1
0.0106366747476006,11,20,1
-0.0622687240607727,12,20,1
-0.00465415429414895,13,20,1
-0.11535691664348,14,20,1
0.491764553357829,15,20,1
-0.00657556491634666,16,20,1
-0.43254663665854,17,20,1
0.139468667257543,18,20,1
-0.0286284238224599,19,20,1
-0.173238075088222,20,20,1
0.0396487601522971,21,20,1
0.332446872108313,1,21,1
-0.0942883221976659,2,21,1
0.0528466380374096,3,21,1
-0.0131547193730926,4,21,1
0.00636241501091526,5,21,1
-0.105416318856748,6,21,1
0.253428032008177,7,21,1
-0.198149707814837,8,21,1
0.380806196312986,9,21,1
-0.334004668211751,10,21,1
0.0317862058441803,11,21,1
0.0370485561059371,12,21,1
0.0401285578082155,13,21,1
-0.130938319454204,14,21,1
0.371220941648706,15,21,1
-0.0790209749752508,16,21,1
-0.374124081670031,17,21,1
0.134987890894289,18,21,1
-0.0286114557386053,19,21,1
-0.168774852933965,20,21,1
0.088835440289444,21,21,1
0.266390024459618,1,22,1
-0.111630354782049,2,22,1
0.0512493099725735,3,22,1
0.00367956617885342,4,22,1
-0.0749637895563606,5,22,1
-0.091333774525974,6,22,1
0.289079771151426,7,22,1
-0.14911229490633,8,22,1
0.482061039427321,9,22,1
-0.36836071594001,10,22,1
0.0901596552653943,11,22,1
0.0617958160029258,12,22,1
0.0707074680493215,13,22,1
-0.149111922663602,14,22,1
0.222958779244793,15,22,1
-0.160983917872551,16,22,1
-0.285735335837451,17,22,1
0.117974842798292,18,22,1
-0.0248612556775106,19,22,1
-0.16574458126719,20,22,1
0.112932854308589,21,22,1
0.170679815919237,1,23,1
-0.124529825536653,2,23,1
0.0293214345398718,3,23,1
0.0270371219019096,4,23,1
-0.150143273443358,5,23,1
-0.023282451802674,6,23,1
0.315577253624449,7,23,1
-0.103203328420789,8,23,1
0.539094124350543,9,23,1
-0.375563484789735,10,23,1
0.159761825295695,11,23,1
0.0470588985127152,12,23,1
0.0697492563400668,13,23,1
-0.158647913690577,14,23,1
0.0954960846751468,15,23,1
-0.228616306449796,16,23,1
-0.183751254285945,17,23,1
0.0946261386634865,18,23,1
-0.0142336305848631,19,23,1
-0.165628737321961,20,23,1
0.105744390434655,21,23,1
0.0869792403092483,1,24,1
-0.134666131980923,2,24,1
0.00631730277175137,3,24,1
0.0541948419118368,4,24,1
-0.203380447508416,5,24,1
0.0582637317436463,6,24,1
0.340749055613977,7,24,1
-0.0958551934400595,8,24,1
0.548446089640636,9,24,1
-0.337434417428864,10,24,1
0.216488194666193,11,24,1
0.0206389391557391,12,24,1
0.0384334018367037,13,24,1
-0.153811728297558,14,24,1
0.0292944550948953,15,24,1
-0.274641594876119,16,24,1
-0.0781569550623671,17,24,1
0.0697959605881522,18,24,1
-0.00349458247809437,19,24,1
-0.165572410775392,20,24,1
0.0714703774604731,21,24,1
0.0256461465564026,1,25,1
-0.143954125441585,2,25,1
-0.00595515578264472,3,25,1
0.0837347882054712,4,25,1
-0.236828982671403,5,25,1
0.11589613474861,6,25,1
0.364236771745772,7,25,1
-0.152824103623668,8,25,1
0.542089642789862,9,25,1
-0.247086885579676,10,25,1
0.246781428096614,11,25,1
-0.00506120023310942,12,25,1
-0.000593502393745262,13,25,1
-0.142746764400149,14,25,1
0.00374343226721465,15,25,1
-0.312455671079825,16,25,1
0.019412058355324,17,25,1
0.0418836457212373,18,25,1
0.000299460355444984,19,25,1
-0.163733177202556,20,25,1
0.0267735389196689,21,25,1
-0.0101064161652635,1,26,1
-0.146388409566663,2,26,1
-0.00801142504934356,3,26,1
0.112311780701679,4,26,1
-0.25395913083361,5,26,1
0.128212808711159,6,26,1
0.380953950343071,7,26,1
-0.239423837412805,8,26,1
0.53666289200547,9,26,1
-0.125200188145295,10,26,1
0.245969511738245,11,26,1
-0.029671901419303,12,26,1
-0.0224763712740565,13,26,1
-0.128625445190272,14,26,1
-0.00333028691694192,15,26,1
-0.351522623757467,16,26,1
0.0891011744430538,17,26,1
0.00686765351158475,18,26,1
-0.00285920640039922,19,26,1
-0.160084217431274,20,26,1
-0.00792238640709529,21,26,1
-0.0323562601754471,1,27,1
-0.14175997122961,2,27,1
-0.00591827796697289,3,27,1
0.133828901030029,4,27,1
-0.256935952980491,5,27,1
0.0879942573239749,6,27,1
0.374195263315335,7,27,1
-0.307633035534443,8,27,1
0.498088802537478,9,27,1
0.00492457116079962,10,27,1
0.216767530232823,11,27,1
-0.0529963270119666,12,27,1
-0.0166542565828782,13,27,1
-0.111922778062557,14,27,1
-0.00889227573401455,15,27,1
-0.399885626649238,16,27,1
0.118361035298301,17,27,1
-0.0385142281656209,18,27,1
-0.0129454697392082,19,27,1
-0.157116781591958,20,27,1
-0.02963559007214,21,27,1
-0.0543116639891183,1,28,1
-0.135101369247031,2,28,1
-0.00244111104031407,3,28,1
0.142674433191558,4,28,1
-0.250132838497503,5,28,1
0.00945700279621494,6,28,1
0.332595009985555,7,28,1
-0.350529518153501,8,28,1
0.382284249121027,9,28,1
0.124928446204514,10,28,1
0.168919446546035,11,28,1
-0.0664819051877346,12,28,1
0.0102929935160833,13,28,1
-0.093491193471794,14,28,1
-0.0235059837097588,15,28,1
-0.456366708503767,16,28,1
0.111249593984087,17,28,1
-0.089105571865685,18,28,1
-0.0321018709042945,19,28,1
-0.154132297878767,20,28,1
-0.0442387025416991,21,28,1
-0.0726816567944211,1,29,1
-0.128071834855066,2,29,1
-0.000951120840104645,3,29,1
0.140610393633282,4,29,1
-0.237686954086957,5,29,1
-0.0706273289580029,6,29,1
0.277602597768611,7,29,1
-0.370934504115439,8,29,1
0.268174895222864,9,29,1
0.2094817892752,10,29,1
0.115996535935981,11,29,1
-0.0628558956762788,12,29,1
0.0437467747344364,13,29,1
-0.0748819935783731,14,29,1
-0.0436613644820486,15,29,1
-0.503173084614184,16,29,1
0.079362683989312,17,29,1
-0.13203016877184,18,29,1
-0.0621479503668794,19,29,1
-0.147886061753498,20,29,1
-0.0513969330837021,21,29,1
-0.0866514367314873,1,30,1
-0.122964670488244,2,30,1
-0.00207862579974439,3,30,1
0.135047888560054,4,30,1
-0.225490926190687,5,30,1
-0.127964508097829,6,30,1
0.240949062383554,7,30,1
-0.379970594995765,8,30,1
0.190649588756622,9,30,1
0.249539846164069,10,30,1
0.0666110684432419,11,30,1
-0.0628278409186355,12,30,1
0.0718082922244466,13,30,1
-0.0598053104551408,14,30,1
-0.0661795495753041,15,30,1
-0.532049688964673,16,30,1
0.0340372129184926,17,30,1
-0.168608469790592,18,30,1
-0.103122964740711,19,30,1
-0.139338388260627,20,30,1
-0.0598601464989501,21,30,1
-0.0986051230579757,1,31,1
-0.121041785961773,2,31,1
-0.00344022190328162,3,31,1
0.129970465673672,4,31,1
-0.217349585986865,5,31,1
-0.163694983628106,6,31,1
0.232554860284309,7,31,1
-0.384705681924314,8,31,1
0.146150010264136,9,31,1
0.252626826750797,10,31,1
0.0232922678612516,11,31,1
-0.0802150550022517,12,31,1
0.0889134519968685,13,31,1
-0.0483340202584373,14,31,1
-0.0888221663294843,15,31,1
-0.542560441187904,16,31,1
-0.0148840531257844,17,31,1
-0.201725686692602,18,31,1
-0.149708108566528,19,31,1
-0.128923156515592,20,31,1
-0.0729196750847526,21,31,1
-0.109978809996456,1,32,1
-0.121632343636119,2,32,1
-0.00645546208476463,3,32,1
0.126692558649786,4,32,1
-0.21412235661077,5,32,1
-0.186204697559161,6,32,1
0.240131433733149,7,32,1
-0.381000701191094,8,32,1
0.120815738500445,9,32,1
0.2343079846801,10,32,1
-0.0139820581594872,11,32,1
-0.110328475305844,12,32,1
0.0944736564453113,13,32,1
-0.033466668715583,14,32,1
-0.106224205986478,15,32,1
-0.530971740569107,16,32,1
-0.057100274625667,17,32,1
-0.226006419536965,18,32,1
-0.197157265720651,19,32,1
-0.115548856404316,20,32,1
-0.0791793020110563,21,32,1
-0.117185734661359,1,33,1
-0.124148076852843,2,33,1
-0.00920425701452796,3,33,1
0.124771526295875,4,33,1
-0.210894945883002,5,33,1
-0.200320451136253,6,33,1
0.263693709469247,7,33,1
-0.373063683539518,8,33,1
0.111289071948183,9,33,1
0.205491402185867,10,33,1
-0.0456959798499514,11,33,1
-0.150110831538202,12,33,1
0.082289579124516,13,33,1
-0.0188075219687314,14,33,1
-0.119547992552894,15,33,1
-0.507097151888018,16,33,1
-0.0882099931259425,17,33,1
-0.241608619069925,18,33,1
-0.239754332577524,19,33,1
-0.100119957185153,20,33,1
-0.0836043412858539,21,33,1
-0.120243354142086,1,34,1
-0.128926293633771,2,34,1
-0.00925078239940782,3,34,1
0.122923458968949,4,34,1
-0.206850242020087,5,34,1
-0.209852495426103,6,34,1
0.302675029533781,7,34,1
-0.363701575635151,8,34,1
0.114674870723331,9,34,1
0.171584408184129,10,34,1
-0.0744750704661,11,34,1
-0.197724674842678,12,34,1
0.0503199609850925,13,34,1
-0.00645470017739116,14,34,1
-0.131531953273593,15,34,1
-0.475032596125307,16,34,1
-0.112303301898626,17,34,1
-0.251144992712153,18,34,1
-0.272140498020673,19,34,1
-0.0821097132336563,20,34,1
-0.092036991125992,21,34,1
-0.125369291048751,1,35,1
-0.137574981613376,2,35,1
-0.00770688651471755,3,35,1
0.120919700315071,4,35,1
-0.207564960814517,5,35,1
-0.218447004611953,6,35,1
0.334082873222803,7,35,1
-0.344046207738487,8,35,1
0.115829023162695,9,35,1
0.141032395144418,10,35,1
-0.103847064471322,11,35,1
-0.246616005304219,12,35,1
0.00723854301137265,13,35,1
0.0128780025574254,14,35,1
-0.143155845839919,15,35,1
-0.423642850664605,16,35,1
-0.132101021089594,17,35,1
-0.253067712512006,18,35,1
-0.292871842538493,19,35,1
-0.0598279129388152,20,35,1
-0.0953929603769874,21,35,1
-0.131809028152404,1,36,1
-0.150076615050931,2,36,1
-0.00416949172839941,3,36,1
0.117715475499513,4,36,1
-0.213635368677812,5,36,1
-0.22710339776808,6,36,1
0.353675126815493,7,36,1
-0.31226284856058,8,36,1
0.108985787114326,9,36,1
0.113997111653991,10,36,1
-0.134773881893675,11,36,1
-0.288679664667604,12,36,1
-0.040281871696862,13,36,1
0.0380651251961421,14,36,1
-0.153717258239781,15,36,1
-0.355667923512394,16,36,1
-0.147197030985321,17,36,1
-0.248548155254848,18,36,1
-0.296972204268931,19,36,1
-0.0337022375487157,20,36,1
-0.0956684861118236,21,36,1
-0.135456810602049,1,37,1
-0.164241793476636,2,37,1
0.00145985990606238,3,37,1
0.113304418198054,4,37,1
-0.222476541559336,5,37,1
-0.234543579167126,6,37,1
0.368039820648776,7,37,1
-0.271154260718304,8,37,1
0.0960550720487319,9,37,1
0.0874274681670652,10,37,1
-0.163790338101076,11,37,1
-0.318606908730065,12,37,1
-0.0853620388683504,13,37,1
0.0609318834303434,14,37,1
-0.159966138761061,15,37,1
-0.284096857783134,16,37,1
-0.158221426893476,17,37,1
-0.241532709223282,18,37,1
-0.278939607811126,19,37,1
-0.00710268000180036,20,37,1
-0.0987143660159517,21,37,1
-0.138825068068366,1,38,1
-0.177204013980764,2,38,1
0.00949322873473458,3,38,1
0.108392626787843,4,38,1
-0.229412523596133,5,38,1
-0.237561026002872,6,38,1
0.383999567296963,7,38,1
-0.22081534513196,8,38,1
0.0846525622285112,9,38,1
0.0611997245087271,10,38,1
-0.182321314171906,11,38,1
-0.337292235374011,12,38,1
-0.126526152134229,13,38,1
0.0765512686123387,14,38,1
-0.157541161420188,15,38,1
-0.223328502191188,16,38,1
-0.171247448613273,17,38,1
-0.237685112106586,18,38,1
-0.240630521343659,19,38,1
0.0149524788150496,20,38,1
-0.108159949524214,21,38,1
-0.144227612380368,1,39,1
-0.185796510533754,2,39,1
0.0195202232917838,3,39,1
0.104206946378447,4,39,1
-0.234685336878127,5,39,1
-0.235480555536335,6,39,1
0.401758158096373,7,39,1
-0.166990041234069,8,39,1
0.0751274042025131,9,39,1
0.0343183250726759,10,39,1
-0.182959238033998,11,39,1
-0.347663949151979,12,39,1
-0.162954223335744,13,39,1
0.0847164521700505,14,39,1
-0.144744821506032,15,39,1
-0.175638346626616,16,39,1
-0.188323944031933,17,39,1
-0.238826918250258,18,39,1
-0.190720542603296,19,39,1
0.0297011090242107,20,39,1
-0.122015664992031,21,39,1
-0.146742421012772,1,40,1
-0.189119590837238,2,40,1
0.0265237617462682,3,40,1
0.101907736467283,4,40,1
-0.244273707137224,5,40,1
-0.234739696693461,6,40,1
0.411801165587,7,40,1
-0.135233181816343,8,40,1
0.0603900778721857,9,40,1
0.0101137299100441,10,40,1
-0.174467828330163,11,40,1
-0.349291938828098,12,40,1
-0.186403852581977,13,40,1
0.0896618552819355,14,40,1
-0.133648602762401,15,40,1
-0.135600295801721,16,40,1
-0.198246874756225,17,40,1
-0.238540846178904,18,40,1
-0.15369193823091,19,40,1
0.039426136349603,20,40,1
-0.129809065051717,21,40,1
-0.307078499492213,1,3,2
-0.0994489568480318,2,3,2
0.143885786088324,3,3,2
0.157688570272453,4,3,2
-0.357133708559331,5,3,2
0.0428452266551599,6,3,2
-0.142850237378823,7,3,2
0.356747381423137,8,3,2
-0.0335499228626709,9,3,2
0.0590044629736304,10,3,2
-0.131454506299835,11,3,2
-0.254967279050514,12,3,2
0.287229987201241,13,3,2
0.0809929824582071,14,3,2
-0.0463040970015557,15,3,2
-0.124365685094195,16,3,2
0.0599573732290078,17,3,2
0.0680745769851839,18,3,2
0.115668842220579,19,3,2
0.133302042321297,20,3,2
-0.0606681227540808,21,3,2
-0.143320711171123,1,4,2
-0.036908242743997,2,4,2
0.193156517077023,3,4,2
0.167239435371236,4,4,2
-0.257556360608372,5,4,2
-0.0359462835644715,6,4,2
-0.207368431463607,7,4,2
0.334072037295842,8,4,2
-0.0649769251832196,9,4,2
0.142912390036217,10,4,2
-0.104310678640667,11,4,2
-0.112388772543937,12,4,2
0.153292978341203,13,4,2
0.0455871057544462,14,4,2
-0.0370274398046156,15,4,2
-0.0826969020309318,16,4,2
0.0250991870961987,17,4,2
0.0430800986587146,18,4,2
0.162315518314527,19,4,2
0.187205407751063,20,4,2
-0.00715369912334592,21,4,2
0.00543645573575962,1,5,2
0.0916032928981246,2,5,2
0.114699908543718,3,5,2
0.193520170190784,4,5,2
-0.135816244644203,5,5,2
-0.0581907169349829,6,5,2
-0.196629976536367,7,5,2
0.135242455963961,8,5,2
-0.0736221492771628,9,5,2
0.168927749734345,10,5,2
-0.0239925278600166,11,5,2
-0.0657452994901745,12,5,2
0.0968575043750248,13,5,2
0.0582461490534165,14,5,2
-0.043390713794502,15,5,2
-0.00244458364130792,16,5,2
-0.014075586352999,17,5,2
0.0264517640115676,18,5,2
0.146132340379432,19,5,2
0.24225120934377,20,5,2
0.0190256946147499,21,5,2
-0.0268349344939842,1,6,2
0.134985905893404,2,6,2
-0.00249971271084897,3,6,2
0.178209791670496,4,6,2
-0.107624359544559,5,6,2
-0.0696481675027653,6,6,2
-0.205225389085717,7,6,2
0.111962110234543,8,6,2
-0.0461265847763156,9,6,2
0.123021404182258,10,6,2
0.0695876484660599,11,6,2
-0.0891932738665287,12,6,2
0.140021330142833,13,6,2
0.0887157187770926,14,6,2
-0.055587150459777,15,6,2
0.040791467402761,16,6,2
-0.0383023059863483,17,6,2
-0.0421630658597715,18,6,2
0.0808665015906276,19,6,2
0.238221668232567,20,6,2
-0.0136211426153777,21,6,2
-0.133462891283627,1,7,2
0.129904349621599,2,7,2
-0.0255029062269269,3,7,2
0.104817390804943,4,7,2
-0.143183862184099,5,7,2
-0.156366723494507,6,7,2
-0.215216487357065,7,7,2
0.237265336232981,8,7,2
-0.0249798198601864,9,7,2
0.032811137888087,10,7,2
0.0801373137810411,11,7,2
-0.0650322691588796,12,7,2
0.162604856369471,13,7,2
0.0818298982140115,14,7,2
-0.00792532462055588,15,7,2
0.0333747359379002,16,7,2
-0.0868967163972981,17,7,2
-0.149830300755184,18,7,2
0.0107224705415978,19,7,2
0.223255407861898,20,7,2
-0.0387360507485526,21,7,2
-0.242611038418728,1,8,2
0.130841546688229,2,8,2
0.0132752429874275,3,8,2
0.0328028874129675,4,8,2
-0.140998123298101,5,8,2
-0.248768598074723,6,8,2
-0.18150356675268,7,8,2
0.260626351489447,8,8,2
-0.0312163736088685,9,8,2
0.00224403106807502,10,8,2
0.0342069228624364,11,8,2
-0.0317001741255926,12,8,2
0.107518173656935,13,8,2
0.034312310036011,14,8,2
0.105741953345975,15,8,2
-0.0244248647798099,16,8,2
-0.124402340338653,17,8,2
-0.165351262693998,18,8,2
-0.0416687735928523,19,8,2
0.272668906103576,20,8,2
-0.0241601214822008,21,8,2
-0.289858136764962,1,9,2
0.125636394133008,2,9,2
0.0640851261919613,3,9,2
-0.00218687477615677,4,9,2
-0.0628557066302482,5,9,2
-0.292064791947535,6,9,2
-0.0970006558132776,7,9,2
0.165487987422126,8,9,2
-0.0668339344039487,9,9,2
-0.0055126234135942,10,9,2
-0.00390610877919227,11,9,2
-0.020681861799978,12,9,2
0.0372362135438314,13,9,2
-0.0323173470675977,14,9,2
0.165696363876329,15,9,2
-0.0630438550598897,16,9,2
-0.121684045327197,17,9,2
-0.120493865161171,18,9,2
-0.0602383824170045,19,9,2
0.332062486570702,20,9,2
-0.0096385397699471,21,9,2
-0.231739655381323,1,10,2
0.118257535106981,2,10,2
0.0996293496707537,3,10,2
0.0181760295994382,4,10,2
0.0359462944742629,5,10,2
-0.290781183110945,6,10,2
-0.038476669756714,7,10,2
0.0722723567037941,8,10,2
-0.101970558039929,9,10,2
-0.0417482161375038,10,10,2
-0.0350219544411649,11,10,2
-0.029217041387048,12,10,2
-0.0230579488517975,13,10,2
-0.0505504433963952,14,10,2
0.0952992829826448,15,10,2
-0.0454585173491056,16,10,2
-0.0671031190293265,17,10,2
-0.033181751322459,18,10,2
-0.0392605516422532,19,10,2
0.335518252348905,20,10,2
-0.00099120729526261,21,10,2
-0.153701166565682,1,11,2
0.12638857996715,2,11,2
0.102339381851974,3,11,2
0.0591402272134184,4,11,2
0.0946831799287327,5,11,2
-0.259725616132836,6,11,2
-0.0548480699621831,7,11,2
0.0310491903600969,8,11,2
-0.105166391144632,9,11,2
-0.0629746344606247,10,11,2
-0.0695040605740167,11,11,2
-0.0559734321406353,12,11,2
-0.0615539304208639,13,11,2
-0.0146207088635789,14,11,2
-0.00131777891741511,15,11,2
0.0194369066656424,16,11,2
-0.0140399128199943,17,11,2
0.0856245165490798,18,11,2
-0.00604424267045451,19,11,2
0.257158676543606,20,11,2
-0.00117205166942227,21,11,2
-0.105066678485245,1,12,2
0.130417357509456,2,12,2
0.0777775699828935,3,12,2
0.070627887105095,4,12,2
0.0743489188143578,5,12,2
-0.18114604956009,6,12,2
-0.111951401690865,7,12,2
0.0217984841621303,8,12,2
-0.0681597879258821,9,12,2
-0.0472469646605376,10,12,2
-0.0984460157396104,11,12,2
-0.103131748683376,12,12,2
-0.0430531804640061,13,12,2
0.00810324180840653,14,12,2
-0.0628520611913874,15,12,2
0.0878452237706179,16,12,2
-0.0171902215538332,17,12,2
0.203581119371364,18,12,2
-0.0138154838482711,19,12,2
0.138529400073607,20,12,2
-0.0274933130113358,21,12,2
-0.0857098036507727,1,13,2
0.0961515440232443,2,13,2
0.04150963011663,3,13,2
0.0595670736070298,4,13,2
0.00259210937490339,5,13,2
-0.0904562614044165,6,13,2
-0.170998211371508,7,13,2
0.0351575441691382,8,13,2
-0.0181183989156532,9,13,2
-0.000385745695698694,10,13,2
-0.1164474522531,11,13,2
-0.171807309680236,12,13,2
0.0326704261282817,13,13,2
0.0104661076633251,14,13,2
-0.0810381302766284,15,13,2
0.119331899120581,16,13,2
-0.0553180567086512,17,13,2
0.272595657118497,18,13,2
-0.0580311442946437,19,13,2
0.0193431618918925,20,13,2
-0.0832012413491579,21,13,2
-0.0893045372486958,1,14,2
0.0209215162836851,2,14,2
0.0107378069029196,3,14,2
0.0398397665399035,4,14,2
-0.0655493524425761,5,14,2
-0.034997549787475,6,14,2
-0.203873439399536,7,14,2
0.0744987728811725,8,14,2
0.0181025677343337,9,14,2
0.0614126352124925,10,14,2
-0.131396918149374,11,14,2
-0.265846307172879,12,14,2
0.127498229998658,13,14,2
0.0188480427270537,14,14,2
-0.0640031414205074,15,14,2
0.118556319569804,16,14,2
-0.0979550798757788,17,14,2
0.264326609819325,18,14,2
-0.108031074955493,19,14,2
-0.100996852317221,20,14,2
-0.137554251805314,21,14,2
-0.0984793455168917,1,15,2
-0.069171099855163,2,15,2
-0.0106103490383783,3,15,2
0.019916135205411,4,15,2
-0.102376286344603,5,15,2
-0.0136841074369339,6,15,2
-0.216476131591601,7,15,2
0.12200924567908,8,15,2
0.0326825983519773,9,15,2
0.100803509575035,10,15,2
-0.154684549635633,11,15,2
-0.363420495813986,12,15,2
0.179213522916518,13,15,2
0.0377184387747976,14,15,2
-0.0232013943122478,15,15,2
0.113632801570025,16,15,2
-0.126135000606904,17,15,2
0.195734892373125,18,15,2
-0.144128247466444,19,15,2
-0.207091474967532,20,15,2
-0.149839564030787,21,15,2
-0.0879852594572477,1,16,2
-0.132774154434055,2,16,2
-0.0261763501177635,3,16,2
0.00448701442502019,4,16,2
-0.111270875680158,5,16,2
-0.0109215250990448,6,16,2
-0.22853027114965,7,16,2
0.156377880128873,8,16,2
0.0254501980442554,9,16,2
0.100458309630879,10,16,2
-0.178510429596065,11,16,2
-0.41434252922548,12,16,2
0.186254042674734,13,16,2
0.0597321740293461,14,16,2
0.0182875194469967,15,16,2
0.120189764625834,16,16,2
-0.139151740856079,17,16,2
0.122254044222334,18,16,2
-0.147765209971555,19,16,2
-0.265708494452744,20,16,2
-0.116310330081419,21,16,2
-0.0520204161822073,1,17,2
-0.161911780460332,2,17,2
-0.0405282747866769,3,17,2
-0.0113092082012523,4,17,2
-0.109800346,5,17,2
-0.00921838183387254,6,17,2
-0.241772017807713,7,17,2
0.17401189144987,8,17,2
0.00815215637767379,9,17,2
0.075460258624715,10,17,2
-0.190468145927305,11,17,2
-0.420695913558343,12,17,2
0.170575360320811,13,17,2
0.0751171002329239,14,17,2
0.0328485761994971,15,17,2
0.133689856694317,16,17,2
-0.158321411041727,17,17,2
0.0691044044981992,18,17,2
-0.118890860529978,19,17,2
-0.280481804947905,20,17,2
-0.0527706431359887,21,17,2
-0.00675081870556915,1,18,2
-0.161481661159381,2,18,2
-0.0561039873821434,3,18,2
-0.0308456236922877,4,18,2
-0.110462422682379,5,18,2
0.000914585940682503,6,18,2
-0.247415060533695,7,18,2
0.177288386350239,8,18,2
-0.00793070751418152,9,18,2
0.038334762324527,10,18,2
-0.185873297511524,11,18,2
-0.397624588520987,12,18,2
0.142769664592136,13,18,2
0.0746176379103054,14,18,2
0.0163938558018706,15,18,2
0.144903579596349,16,18,2
-0.193749580182652,17,18,2
0.0300615727835271,18,18,2
-0.0655471065446732,19,18,2
-0.2742137724553,20,18,2
0.0226006531323432,21,18,2
0.0284848476019451,1,19,2
-0.136566148260252,2,19,2
-0.0710623316212809,3,19,2
-0.0500385073917818,4,19,2
-0.115840468021394,5,19,2
0.0185621601882151,6,19,2
-0.23740874148175,7,19,2
0.166545054936566,8,19,2
-0.0220541338363896,9,19,2
-0.00412456455580305,10,19,2
-0.166919671343323,11,19,2
-0.36116113081215,12,19,2
0.109949151078495,13,19,2
0.0566453690496494,14,19,2
-0.0176422510867277,15,19,2
0.147319108465093,16,19,2
-0.23692560835647,17,19,2
-0.0064523591303585,18,19,2
-0.00138007639936236,19,19,2
-0.250448994698488,20,19,2
0.0860960979609447,21,19,2
0.0438535261378898,1,20,2
-0.104126068017348,2,20,2
-0.0815373793919501,3,20,2
-0.0626716090065313,4,20,2
-0.122300406315284,5,20,2
0.0383898730014409,6,20,2
-0.206478698261233,7,20,2
0.143608078713506,8,20,2
-0.0391280698583638,9,20,2
-0.0446297921437269,10,20,2
-0.140164921237597,11,20,2
-0.323151070591492,12,20,2
0.0785307292119534,13,20,2
0.0311337879785063,14,20,2
-0.0537218467277101,15,20,2
0.132383997454475,16,20,2
-0.267718014637606,17,20,2
-0.0432804041135773,18,20,2
0.0573181412683831,19,20,2
-0.207766132946769,20,20,2
0.117139530367149,21,20,2
0.0401999202414067,1,21,2
-0.0807584718680451,2,21,2
-0.0918641477362679,3,21,2
-0.0686255522071151,4,21,2
-0.124976806779931,5,21,2
0.0563299232042301,6,21,2
-0.153005205353602,7,21,2
0.114894430432752,8,21,2
-0.0635228085387644,9,21,2
-0.0787164235741961,10,21,2
-0.110997000621429,11,21,2
-0.288421000384588,12,21,2
0.0513907342750568,13,21,2
0.010039776448187,14,21,2
-0.0864311374078922,15,21,2
0.094228907903553,16,21,2
-0.270456215777407,17,21,2
-0.0745619300612729,18,21,2
0.0983104132254231,19,21,2
-0.155682122485099,20,21,2
0.115385953317777,21,21,2
0.0205407206172799,1,22,2
-0.0760835190925132,2,22,2
-0.113481314007354,3,22,2
-0.0716392130197006,4,22,2
-0.118728866407583,5,22,2
0.0697061514673096,6,22,2
-0.0849568366735865,7,22,2
0.0860862126359173,8,22,2
-0.0947949040365195,9,22,2
-0.106582431237245,10,22,2
-0.0805663871791572,11,22,2
-0.258323947193172,12,22,2
0.0315915033790692,13,22,2
-0.00092272875126652,14,22,2
-0.113388815522989,15,22,2
0.0396560637604319,16,22,2
-0.24410413632377,17,22,2
-0.0903447222661275,18,22,2
0.112252118544268,19,22,2
-0.104824718956258,20,22,2
0.093044613987894,21,22,2
-0.00959524313673617,1,23,2
-0.0915005739676209,2,23,2
-0.147940085001733,3,23,2
-0.0742875680793379,4,23,2
-0.0959879844220095,5,23,2
0.0767343756268043,6,23,2
-0.0215447793422071,7,23,2
0.0614877147161469,8,23,2
-0.12671220868287,9,23,2
-0.130662834358537,10,23,2
-0.050406852864491,11,23,2
-0.231314287632978,12,23,2
0.0198290682766757,13,23,2
-0.00107248948823873,14,23,2
-0.129987996794033,15,23,2
-0.0136941265557879,16,23,2
-0.205367690311335,17,23,2
-0.084020097045348,18,23,2
0.0993392510713775,19,23,2
-0.0529356789679315,20,23,2
0.0598859152801534,21,23,2
-0.0423089700457495,1,24,2
-0.120973089827866,2,24,2
-0.185535881240381,3,24,2
-0.0743138865628669,4,24,2
-0.0591018532089155,5,24,2
0.0772206906062881,6,24,2
0.022860567790726,7,24,2
0.0442153311172451,8,24,2
-0.1497910593465,9,24,2
-0.152215778945901,10,24,2
-0.0244440864401484,11,24,2
-0.209289490236308,12,24,2
0.0154675177408849,13,24,2
0.00619139532690192,14,24,2
-0.133304906722681,15,24,2
-0.0508337271764417,16,24,2
-0.170721210053979,17,24,2
-0.060711968103984,18,24,2
0.0714202724031144,19,24,2
-0.00119214322588742,20,24,2
0.021835409608561,21,24,2
-0.0733826223582018,1,25,2
-0.155113637119477,2,25,2
-0.212807627142662,3,25,2
-0.064348006615555,4,25,2
-0.0258491819510444,5,25,2
0.0731976269850435,6,25,2
0.0486870867525793,7,25,2
0.0328608769211598,8,25,2
-0.158138058432393,9,25,2
-0.169108332741749,10,25,2
-0.00668119050522041,11,25,2
-0.196517304609449,12,25,2
0.0172708925950724,13,25,2
0.0169742966873806,14,25,2
-0.126491770179333,15,25,2
-0.0691198164808387,16,25,2
-0.145951003188798,17,25,2
-0.0374043876874015,18,25,2
0.043088114620302,19,25,2
0.0349284178871865,20,25,2
-0.0202671651859977,21,25,2
-0.104569402052671,1,26,2
-0.186200092047819,2,26,2
-0.215694196315727,3,26,2
-0.0418598506788905,4,26,2
-0.0145351296487669,5,26,2
0.0672850779022003,6,26,2
0.0566587794318598,7,26,2
0.0252931549210985,8,26,2
-0.149107594603782,9,26,2
-0.17165238772239,10,26,2
-0.000567633052946475,11,26,2
-0.192712422359654,12,26,2
0.0226538948169675,13,26,2
0.0330844712146465,14,26,2
-0.113984356947612,15,26,2
-0.0732487978319958,16,26,2
-0.130736625350038,17,26,2
-0.0333748849095483,18,26,2
0.024850429059498,19,26,2
0.0481949266039786,20,26,2
-0.0671130180341686,21,26,2
-0.137269157048147,1,27,2
-0.207731096027272,2,27,2
-0.186543505660048,3,27,2
-0.00709479650713632,4,27,2
-0.0355414167519612,5,27,2
0.0605372170914283,6,27,2
0.0517435015606357,7,27,2
0.0153656944451618,8,27,2
-0.123272529311289,9,27,2
-0.151009056338402,10,27,2
-0.00797873635691639,11,27,2
-0.195753165232006,12,27,2
0.0292873254455118,13,27,2
0.0592998426484683,14,27,2
-0.09788970315009,15,27,2
-0.0669635199737253,16,27,2
-0.121731829535202,17,27,2
-0.0543667897437566,18,27,2
0.0151807950528506,19,27,2
0.0445552438886426,20,27,2
-0.113492478376381,21,27,2
-0.167732942854341,1,28,2
-0.216481134158611,2,28,2
-0.127386770100219,3,28,2
0.0334366092285839,4,28,2
-0.0854914856940594,5,28,2
0.0531815864304008,6,28,2
0.0400270719831442,7,28,2
0.00326277872444512,8,28,2
-0.0897599278052427,9,28,2
-0.113124957800365,10,28,2
-0.0259586018195424,11,28,2
-0.201998065910362,12,28,2
0.0344951502279458,13,28,2
0.0969606583185087,14,28,2
-0.0786174186183064,15,28,2
-0.0548412598586879,16,28,2
-0.113551286205628,17,28,2
-0.0847208532792103,18,28,2
0.00884155488694454,19,28,2
0.030029134109707,20,28,2
-0.1496601387554,21,28,2
-0.188716485704263,1,29,2
-0.214456309473446,2,29,2
-0.0582189918189966,3,29,2
0.0646740620602079,4,29,2
-0.142476856237445,5,29,2
0.0457114199277967,6,29,2
0.0256980275330927,7,29,2
-0.00394843980698921,8,29,2
-0.0615228089337,9,29,2
-0.0734810162489277,10,29,2
-0.0459861722156059,11,29,2
-0.208192116469314,12,29,2
0.0357206989624079,13,29,2
0.137671977039282,14,29,2
-0.0574399816873164,15,29,2
-0.0439406833372857,16,29,2
-0.10316827744481,17,29,2
-0.109943825565717,18,29,2
0.00800129619796034,19,29,2
0.0103059976489959,20,29,2
-0.16745771596058,21,29,2
-0.197930707044237,1,30,2
-0.205492298603842,2,30,2
-0.0028491132789181,3,30,2
0.0814872266311371,4,30,2
-0.190937830021014,5,30,2
0.0386708216074454,6,30,2
0.0121706450985758,7,30,2
-0.0064255451153189,8,30,2
-0.0412440789355437,9,30,2
-0.0440599332204519,10,30,2
-0.0632890466594008,11,30,2
-0.21919762948818,12,30,2
0.0333932907014493,13,30,2
0.169918969790155,14,30,2
-0.0352887450441845,15,30,2
-0.0376680150774581,16,30,2
-0.0898874655056181,17,30,2
-0.127370709735231,18,30,2
0.00795670244480614,19,30,2
-0.012676144871027,20,30,2
-0.169116237593535,21,30,2
-0.197508703225751,1,31,2
-0.191888610690611,2,31,2
0.0351059373110374,3,31,2
0.0874722121758405,4,31,2
-0.230967469270856,5,31,2
0.0322045288958175,6,31,2
0.000809262968817226,7,31,2
-0.00604853726573003,8,31,2
-0.0264512052463366,9,31,2
-0.026485359825673,10,31,2
-0.0770234442764062,11,31,2
-0.2394036507993,12,31,2
0.0291624777502353,13,31,2
0.187593690114893,14,31,2
-0.0117441916141836,15,31,2
-0.0366998681736632,16,31,2
-0.0742432617005656,17,31,2
-0.139417561829182,18,31,2
0.00390311770029448,19,31,2
-0.039858676371492,20,31,2
-0.160454532912835,21,31,2
-0.189307087912199,1,32,2
-0.174476722538061,2,32,2
0.0608334887890531,3,32,2
0.0889548690908849,4,32,2
-0.265412244572761,5,32,2
0.0252438669892484,6,32,2
-0.00821959804993874,7,32,2
-0.0016759347410657,8,32,2
-0.0163776963124408,9,32,2
-0.0135350547475948,10,32,2
-0.086890652123297,11,32,2
-0.262810254231597,12,32,2
0.0236845751171557,13,32,2
0.193153335862519,14,32,2
0.0143795520651119,15,32,2
-0.0415141522579581,16,32,2
-0.0584218976888875,17,32,2
-0.15336558515432,18,32,2
0.00212532077777851,19,32,2
-0.0702814247733702,20,32,2
-0.145031652021406,21,32,2
-0.177253266147375,1,33,2
-0.155953186544026,2,33,2
0.074955457080243,3,33,2
0.085108510911916,4,33,2
-0.29492901186842,5,33,2
0.0177094897117386,6,33,2
-0.0137628715226288,7,33,2
0.00633525455351882,8,33,2
-0.00938342782559547,9,33,2
-0.00643895649952205,10,33,2
-0.0948782990493293,11,33,2
-0.285696190157846,12,33,2
0.0191217409038537,13,33,2
0.187043546438248,14,33,2
0.0387050261952889,15,33,2
-0.050983776338979,16,33,2
-0.0426492012490024,17,33,2
-0.164851145680991,18,33,2
0.00264831316202006,19,33,2
-0.104406523488912,20,33,2
-0.130993687388671,21,33,2
-0.163174710638244,1,34,2
-0.137702768397388,2,34,2
0.0791183682089499,3,34,2
0.0765426765285881,4,34,2
-0.32039145139925,5,34,2
0.00930896671294368,6,34,2
-0.0158013111355083,7,34,2
0.0170325097728927,8,34,2
-0.00404889625109172,9,34,2
-0.00728754322741083,10,34,2
-0.102577288030415,11,34,2
-0.304952276185174,12,34,2
0.016184393860604,13,34,2
0.17077367439417,14,34,2
0.0580366102145841,15,34,2
-0.0623620710867253,16,34,2
-0.027541746686915,17,34,2
-0.164602290300785,18,34,2
0.00313649302653962,19,34,2
-0.144583724006217,20,34,2
-0.122835879427633,21,34,2
-0.1444437657054,1,35,2
-0.119227748224982,2,35,2
0.0771847275309736,3,35,2
0.0714919556782453,4,35,2
-0.341537237456653,5,35,2
-0.000987491014137382,6,35,2
-0.0164315002561828,7,35,2
0.030733986507343,8,35,2
-0.00288918687734057,9,35,2
-0.00950449004376421,10,35,2
-0.109396000411672,11,35,2
-0.316064024001696,12,35,2
0.0125672075350338,13,35,2
0.15180827847387,14,35,2
0.0733311301975309,15,35,2
-0.0728571237910983,16,35,2
-0.0153168323227873,17,35,2
-0.153116882257419,18,35,2
0.0086908289080115,19,35,2
-0.186440939234301,20,35,2
-0.116441119970468,21,35,2
-0.122387409660024,1,36,2
-0.101560858349448,2,36,2
0.0684846630939303,3,36,2
0.0710446895824188,4,36,2
-0.356649232252111,5,36,2
-0.0127778793499311,6,36,2
-0.0160325202366379,7,36,2
0.0465450048360298,8,36,2
-0.00595656282701252,9,36,2
-0.0121747858747931,10,36,2
-0.115966140628315,11,36,2
-0.318556228020294,12,36,2
0.00837794347930899,13,36,2
0.131855709176461,14,36,2
0.0814274531717148,15,36,2
-0.0823720035896585,16,36,2
-0.00499457319155594,17,36,2
-0.133410387990247,18,36,2
0.0195983482002872,19,36,2
-0.223595084155371,20,36,2
-0.111167573439058,21,36,2
-0.102044368545887,1,37,2
-0.0864018490526312,2,37,2
0.0526674485103123,3,37,2
0.0724089140819984,4,37,2
-0.362815560907235,5,37,2
-0.0241124915913965,6,37,2
-0.013922540633687,7,37,2
0.0623704159448692,8,37,2
-0.010950831307888,9,37,2
-0.0169366566404975,10,37,2
-0.123018267894812,11,37,2
-0.312461161198555,12,37,2
0.00482979979949858,13,37,2
0.111351821719717,14,37,2
0.08003485149498,15,37,2
-0.0906922311011922,16,37,2
0.00450434382584498,17,37,2
-0.11120070577207,18,37,2
0.031197773756095,19,37,2
-0.248944222775712,20,37,2
-0.108270884192125,21,37,2
-0.0866213960767545,1,38,2
-0.0747764018789876,2,38,2
0.034558010031081,3,38,2
0.074147104515377,4,38,2
-0.357730008324588,5,38,2
-0.0341538958325822,6,38,2
-0.00954367898701184,7,38,2
0.0761445546960888,8,38,2
-0.0140073997341522,9,38,2
-0.0284576255703993,10,38,2
-0.130116923823248,11,38,2
-0.298846536894096,12,38,2
0.00335225963485295,13,38,2
0.0903059204033985,14,38,2
0.0718787341359512,15,38,2
-0.0980860761669043,16,38,2
0.0118008300754262,17,38,2
-0.0878964959637125,18,38,2
0.040500790737173,19,38,2
-0.265994081432794,20,38,2
-0.109088643775801,21,38,2
-0.0761760383390042,1,39,2
-0.0668486011335653,2,39,2
0.0194887420770062,3,39,2
0.0762296635976675,4,39,2
-0.340635350595911,5,39,2
-0.0420749720488491,6,39,2
-0.00384526212010479,7,39,2
0.0855907996819959,8,39,2
-0.0138016145111437,9,39,2
-0.0474863259454298,10,39,2
-0.135606105879319,11,39,2
-0.279453532826012,12,39,2
0.00397827983809307,13,39,2
0.0706884911294715,14,39,2
0.0602049009992832,15,39,2
-0.1036961061752,16,39,2
0.0163943989670989,17,39,2
-0.0648055413775059,18,39,2
0.0466543810651536,19,39,2
-0.276711090664514,20,39,2
-0.112703476783951,21,39,2
-0.0689533826784311,1,40,2
-0.0618851346592438,2,40,2
0.00898944760198098,3,40,2
0.079959294921368,4,40,2
-0.322025426814225,5,40,2
-0.0455311035769285,6,40,2
-0.00068138953264819,7,40,2
0.0899246616078063,8,40,2
-0.0153365665303003,9,40,2
-0.0580881743510475,10,40,2
-0.138417151082973,11,40,2
-0.263294180514178,12,40,2
0.00375631619397578,13,40,2
0.0589229587337979,14,40,2
0.0494922582664147,15,40,2
-0.105417208347162,16,40,2
0.0211550531571174,17,40,2
-0.0499941784756686,18,40,2
0.0495158565598923,19,40,2
-0.273359469384444,20,40,2
-0.112379596789251,21,40,2
