signal,subject,time,condition
0.0636209184629381,1,-1,1
0.126220117857185,2,-1,1
0.0753090064059532,3,-1,1
-0.254746602712854,4,-1,1
0.165297360459071,5,-1,1
-0.318151747988044,6,-1,1
0.0421052099703078,7,-1,1
0.041152391353003,8,-1,1
-0.305872501944672,9,-1,1
-0.223075352320831,10,-1,1
-0.205665249026733,11,-1,1
0.130285132724651,12,-1,1
0.0396882656516526,13,-1,1
-0.0292278845589813,14,-1,1
-0.0739891541832861,15,-1,1
-0.143618186850994,16,-1,1
-0.0368380901260276,17,-1,1
0.0595255514446821,18,-1,1
-0.0762074750322921,19,-1,1
-0.108544763386809,20,-1,1
-0.0279252259088447,21,-1,1
0.0993969100418628,1,-0.95,1
0.143857888830534,2,-0.95,1
0.0839898591341975,3,-0.95,1
-0.244450009998948,4,-0.95,1
0.137446002932794,5,-0.95,1
-0.313460001751275,6,-0.95,1
0.0383558444518152,7,-0.95,1
0.0868160917473614,8,-0.95,1
-0.304413562216811,9,-0.95,1
-0.230589043316689,10,-0.95,1
-0.172495798231152,11,-0.95,1
0.108090870177177,12,-0.95,1
0.0326778425906887,13,-0.95,1
-0.0303329370002937,14,-0.95,1
-0.115493600117953,15,-0.95,1
-0.158837315160289,16,-0.95,1
-0.0230597719763221,17,-0.95,1
0.0919204373789838,18,-0.95,1
-0.0549051102510901,19,-0.95,1
-0.126275944897855,20,-0.95,1
-0.0616694236721931,21,-0.95,1
0.153648229998348,1,-0.9,1
0.153565998678101,2,-0.9,1
0.0846052588206385,3,-0.9,1
-0.235344093035897,4,-0.9,1
0.0890729532075809,5,-0.9,1
-0.286536378870497,6,-0.9,1
0.0112924150512182,7,-0.9,1
0.150431567394705,8,-0.9,1
-0.294496649757871,9,-0.9,1
-0.236301518728483,10,-0.9,1
-0.103466179190673,11,-0.9,1
0.0427281752792076,12,-0.9,1
0.0256801073812937,13,-0.9,1
-0.0245847668056922,14,-0.9,1
-0.186619772574487,15,-0.9,1
-0.169397894216973,16,-0.9,1
0.00520910845764647,17,-0.9,1
0.14471883968051,18,-0.9,1
-0.0221879389917942,19,-0.9,1
-0.143427192941446,20,-0.9,1
-0.119456128717132,21,-0.9,1
0.194444533085813,1,-0.85,1
0.137191265607701,2,-0.85,1
0.0626777823644373,3,-0.85,1
-0.241104554918893,4,-0.85,1
0.0770698174420032,5,-0.85,1
-0.238184814864376,6,-0.85,1
-0.0508341822556702,7,-0.85,1
0.199746300437427,8,-0.85,1
-0.260764933661332,9,-0.85,1
-0.213481459973599,10,-0.85,1
-0.0117188912729026,11,-0.85,1
-0.0282859331323377,12,-0.85,1
0.0261741570117491,13,-0.85,1
-0.00711119182421788,14,-0.85,1
-0.268148600303271,15,-0.85,1
-0.121131726049183,16,-0.85,1
0.0444352654768713,17,-0.85,1
0.19109115267116,18,-0.85,1
-0.00160614923198496,19,-0.85,1
-0.139725947082267,20,-0.85,1
-0.172264287124221,21,-0.85,1
0.203486700339034,1,-0.8,1
0.107898144525051,2,-0.8,1
0.0299172138179077,3,-0.8,1
-0.264460952892052,4,-0.8,1
0.11304907997883,5,-0.8,1
-0.166926431273536,6,-0.8,1
-0.131716706666471,7,-0.8,1
0.222745410133618,8,-0.8,1
-0.189780446841006,9,-0.8,1
-0.158324369993509,10,-0.8,1
0.0629771335748637,11,-0.8,1
-0.0781294836877181,12,-0.8,1
0.0282048552564435,13,-0.8,1
0.0301710129554399,14,-0.8,1
-0.352083808277412,15,-0.8,1
-0.0338502693931851,16,-0.8,1
0.103755919190138,17,-0.8,1
0.230040418344891,18,-0.8,1
-0.00483089999666389,19,-0.8,1
-0.116692190719919,20,-0.8,1
-0.207842159062533,21,-0.8,1
0.16907518014916,1,-0.75,1
0.0861484353348365,2,-0.75,1
0.00706780968900534,3,-0.75,1
-0.293463983703322,4,-0.75,1
0.165607899944067,5,-0.75,1
-0.064867777144663,6,-0.75,1
-0.191637050335592,7,-0.75,1
0.234399836976689,8,-0.75,1
-0.0997634816279035,9,-0.75,1
-0.116505781961453,10,-0.75,1
0.0795974581186128,11,-0.75,1
-0.114273528336182,12,-0.75,1
0.0318222631414808,13,-0.75,1
0.0929617758662541,14,-0.75,1
-0.41181024375071,15,-0.75,1
0.0374947711208631,16,-0.75,1
0.186632856131696,17,-0.75,1
0.251991614947543,18,-0.75,1
-0.0249340192819528,19,-0.75,1
-0.0713627703249535,20,-0.75,1
-0.232495162907251,21,-0.75,1
0.083403794003988,1,-0.7,1
0.0800007942758796,2,-0.7,1
-0.0149355522574922,3,-0.7,1
-0.320785811592718,4,-0.7,1
0.220060617277737,5,-0.7,1
0.0574975192953331,6,-0.7,1
-0.217400379277571,7,-0.7,1
0.244545409266619,8,-0.7,1
-0.0191790407396875,9,-0.7,1
-0.110850859960273,10,-0.7,1
0.0339274649945313,11,-0.7,1
-0.137572724780183,12,-0.7,1
0.0466789220725721,13,-0.7,1
0.169176161324601,14,-0.7,1
-0.391488229830937,15,-0.7,1
0.0656804068404589,16,-0.7,1
0.262266117704582,17,-0.7,1
0.242939695331538,18,-0.7,1
-0.035305594374874,19,-0.7,1
-0.0100157420224839,20,-0.7,1
-0.246929319322537,21,-0.7,1
-0.0572471114855503,1,-0.65,1
0.071951470088734,2,-0.65,1
-0.0478205775208344,3,-0.65,1
-0.340105514230378,4,-0.65,1
0.267815869132193,5,-0.65,1
0.142944935321152,6,-0.65,1
-0.209412510593414,7,-0.65,1
0.243877860399708,8,-0.65,1
0.0255923380614866,9,-0.65,1
-0.13068220579523,10,-0.65,1
-0.0277291106677196,11,-0.65,1
-0.138940205837352,12,-0.65,1
0.0699763132803738,13,-0.65,1
0.235743533873203,14,-0.65,1
-0.321684740046174,15,-0.65,1
0.0351509512298988,16,-0.65,1
0.284113516381458,17,-0.65,1
0.209456702433674,18,-0.65,1
-0.0171671958954746,19,-0.65,1
0.0475297363396982,20,-0.65,1
-0.248292900991518,21,-0.65,1
-0.184301614298614,1,-0.6,1
0.0443110200675577,2,-0.6,1
-0.077361875556877,3,-0.6,1
-0.334208438933565,4,-0.6,1
0.297716386741182,5,-0.6,1
0.172203167764128,6,-0.6,1
-0.176508208539579,7,-0.6,1
0.208009301105494,8,-0.6,1
0.0277040579306265,9,-0.6,1
-0.139714085807399,10,-0.6,1
-0.0965924974704774,11,-0.6,1
-0.131502969266365,12,-0.6,1
0.097661572169869,13,-0.6,1
0.270080262122534,14,-0.6,1
-0.273759987425994,15,-0.6,1
-0.0362679462838899,16,-0.6,1
0.25354712225942,17,-0.6,1
0.187741328111135,18,-0.6,1
0.00909418474979548,19,-0.6,1
0.0833883819029938,20,-0.6,1
-0.235172471637208,21,-0.6,1
-0.243900869814358,1,-0.55,1
0.00797855611064687,2,-0.55,1
-0.0891473113010528,3,-0.55,1
-0.296274186359335,4,-0.55,1
0.303525754898616,5,-0.55,1
0.174849680922306,6,-0.55,1
-0.136899681951557,7,-0.55,1
0.130947633424396,8,-0.55,1
0.00102111785352899,9,-0.55,1
-0.106298255546379,10,-0.55,1
-0.199205209234302,11,-0.55,1
-0.121280922413433,12,-0.55,1
0.12955492042227,13,-0.55,1
0.256127815166002,14,-0.55,1
-0.245455295233371,15,-0.55,1
-0.116299035217557,16,-0.55,1
0.215483727949314,17,-0.55,1
0.187477840263178,18,-0.55,1
0.0216862764966053,19,-0.55,1
0.0892803308205831,20,-0.55,1
-0.206872359551351,21,-0.55,1
-0.24425762086897,1,-0.5,1
-0.0252498462144946,2,-0.5,1
-0.0769923364846514,3,-0.5,1
-0.230086927992672,4,-0.5,1
0.272662722057755,5,-0.5,1
0.151318166223928,6,-0.5,1
-0.106932474230429,7,-0.5,1
0.0482738652873629,8,-0.5,1
-0.0436578181111646,9,-0.5,1
-0.0684153228277297,10,-0.5,1
-0.291411376180878,11,-0.5,1
-0.0987956683428983,12,-0.5,1
0.1624575142248,13,-0.5,1
0.209443261944072,14,-0.5,1
-0.230462430131163,15,-0.5,1
-0.199770667062295,16,-0.5,1
0.193238892988291,17,-0.5,1
0.191583587287887,18,-0.5,1
0.0260078302956797,19,-0.5,1
0.0700661631382224,20,-0.5,1
-0.182671180127236,21,-0.5,1
-0.190312959477361,1,-0.45,1
-0.0520883580949751,2,-0.45,1
-0.0446506594775782,3,-0.45,1
-0.161842912592969,4,-0.45,1
0.184670036628826,5,-0.45,1
0.0802325272680401,6,-0.45,1
-0.0982498384134097,7,-0.45,1
0.0201027590812004,8,-0.45,1
-0.0925180522143197,9,-0.45,1
-0.0965473567612589,10,-0.45,1
-0.344302995256316,11,-0.45,1
-0.0720392056609843,12,-0.45,1
0.179502847198502,13,-0.45,1
0.168290350902807,14,-0.45,1
-0.239363017376001,15,-0.45,1
-0.268282829922822,16,-0.45,1
0.183625391697948,17,-0.45,1
0.190806893764199,18,-0.45,1
0.0367199451361016,19,-0.45,1
0.0320050646886444,20,-0.45,1
-0.168658756795937,21,-0.45,1
-0.105904721585387,1,-0.4,1
-0.0698774254203103,2,-0.4,1
-0.0144715039858761,3,-0.4,1
-0.120975895404337,4,-0.4,1
0.0631161931814698,5,-0.4,1
0.0283572356125424,6,-0.4,1
-0.112687046340845,7,-0.4,1
0.0749926587571729,8,-0.4,1
-0.135869464282747,9,-0.4,1
-0.164575086605006,10,-0.4,1
-0.339501943596518,11,-0.4,1
-0.047499958439982,12,-0.4,1
0.144154190126915,13,-0.4,1
0.16512820008737,14,-0.4,1
-0.264895779317439,15,-0.4,1
-0.306430140088907,16,-0.4,1
0.16539338974101,17,-0.4,1
0.171488784025925,18,-0.4,1
0.0643615862886501,19,-0.4,1
-0.0181196794997935,20,-0.4,1
-0.146650857218529,21,-0.4,1
-0.0370226319170082,1,-0.35,1
-0.0716037325676811,2,-0.35,1
-0.0016957990405286,3,-0.35,1
-0.0995358689736506,4,-0.35,1
-0.0117991331312679,5,-0.35,1
0.00570329739906101,6,-0.35,1
-0.133702035464379,7,-0.35,1
0.16058744824212,8,-0.35,1
-0.171910330980458,9,-0.35,1
-0.23802196991487,10,-0.35,1
-0.242544366453569,11,-0.35,1
-0.0369431750310956,12,-0.35,1
0.0825302013495042,13,-0.35,1
0.193271739667931,14,-0.35,1
-0.28372848340904,15,-0.35,1
-0.320211102441579,16,-0.35,1
0.119343472394979,17,-0.35,1
0.119407583951281,18,-0.35,1
0.0971691858569321,19,-0.35,1
-0.0540311502255852,20,-0.35,1
-0.111971238197461,21,-0.35,1
0.00293901284688902,1,-0.3,1
-0.0428757896579045,2,-0.3,1
-0.0110408961715278,3,-0.3,1
-0.08392400122267,4,-0.3,1
-0.0110606889850383,5,-0.3,1
0.00220822884303506,6,-0.3,1
-0.138531504420244,7,-0.3,1
0.203810612455511,8,-0.3,1
-0.178702673622864,9,-0.3,1
-0.282042226556742,10,-0.3,1
-0.100478052930934,11,-0.3,1
-0.045362440707091,12,-0.3,1
0.0394566850588036,13,-0.3,1
0.220493177039555,14,-0.3,1
-0.27892674359046,15,-0.3,1
-0.281951815505965,16,-0.3,1
0.0705679001296915,17,-0.3,1
0.0681661050402138,18,-0.3,1
0.108135798666295,19,-0.3,1
-0.0626433191354552,20,-0.3,1
-0.0600407494281583,21,-0.3,1
0.0339885111481576,1,-0.25,1
0.0215686138571443,2,-0.25,1
-0.0271922403034195,3,-0.25,1
-0.0713959170065559,4,-0.25,1
0.0260675550936804,5,-0.25,1
0.0242425042963421,6,-0.25,1
-0.137372809819841,7,-0.25,1
0.184745490040402,8,-0.25,1
-0.173704146136969,9,-0.25,1
-0.274553901682432,10,-0.25,1
-0.0265049968922816,11,-0.25,1
-0.0589064942867695,12,-0.25,1
0.0283042391866424,13,-0.25,1
0.222088940256306,14,-0.25,1
-0.255747575475025,15,-0.25,1
-0.171828481264899,16,-0.25,1
0.0453976102129571,17,-0.25,1
0.0333303250380799,18,-0.25,1
0.0790419466692307,19,-0.25,1
-0.0548942069754759,20,-0.25,1
0.00543388075545306,21,-0.25,1
0.054251731946836,1,-0.2,1
0.109491037714501,2,-0.2,1
-0.0402868070295308,3,-0.2,1
-0.0608262385501015,4,-0.2,1
0.0450017720201483,5,-0.2,1
0.0711392844474751,6,-0.2,1
-0.145835902103412,7,-0.2,1
0.152318266593282,8,-0.2,1
-0.190194532380073,9,-0.2,1
-0.22181138316668,10,-0.2,1
-0.0205213133113212,11,-0.2,1
-0.0689091696029984,12,-0.2,1
0.0512061090509259,13,-0.2,1
0.188675408555642,14,-0.2,1
-0.221748590328794,15,-0.2,1
-0.0735216907867165,16,-0.2,1
0.0515585525228149,17,-0.2,1
0.0162242918421957,18,-0.2,1
0.000982312055795669,19,-0.2,1
-0.0403124824329801,20,-0.2,1
0.0454602309399078,21,-0.2,1
0.060305651366734,1,-0.15,1
0.181426112258764,2,-0.15,1
-0.0412741406699206,3,-0.15,1
-0.0526774083406254,4,-0.15,1
0.0365585772262619,5,-0.15,1
0.124654221940022,6,-0.15,1
-0.160843715959741,7,-0.15,1
0.154732400873351,8,-0.15,1
-0.250175725495898,9,-0.15,1
-0.122017902986013,10,-0.15,1
-0.0834672154049889,11,-0.15,1
-0.0667143316470284,12,-0.15,1
0.0934376388521749,13,-0.15,1
0.123266321301292,14,-0.15,1
-0.184580483747663,15,-0.15,1
-0.00484843386295006,16,-0.15,1
0.0817811908932579,17,-0.15,1
0.0314810573819056,18,-0.15,1
-0.080525223942954,19,-0.15,1
-0.0213858024917264,20,-0.15,1
0.0365541538793404,21,-0.15,1
0.0529865259482301,1,-0.1,1
0.211431312271294,2,-0.1,1
-0.0252467564996379,3,-0.1,1
-0.0508322143752072,4,-0.1,1
0.00828264179223895,5,-0.1,1
0.146020814858585,6,-0.1,1
-0.192976046938535,7,-0.1,1
0.171505944942806,8,-0.1,1
-0.333645375075096,9,-0.1,1
-0.00480545560406792,10,-0.1,1
-0.23987805506713,11,-0.1,1
-0.038026780821467,12,-0.1,1
0.133005790775895,13,-0.1,1
0.0554130174822696,14,-0.1,1
-0.154504594258969,15,-0.1,1
0.0550540463148404,16,-0.1,1
0.110844811696784,17,-0.1,1
0.0798538863825509,18,-0.1,1
-0.127764363754644,19,-0.1,1
-0.00589377044655173,20,-0.1,1
-0.00651769303457755,21,-0.1,1
0.0290145538768249,1,-0.0499999999999999,1
0.212131199777014,2,-0.0499999999999999,1
-0.0177943716451634,3,-0.0499999999999999,1
-0.0655677002898009,4,-0.0499999999999999,1
-0.0212339187651332,5,-0.0499999999999999,1
0.097846181023562,6,-0.0499999999999999,1
-0.204071873756496,7,-0.0499999999999999,1
0.191605351170492,8,-0.0499999999999999,1
-0.396007878453149,9,-0.0499999999999999,1
0.0742665657329724,10,-0.0499999999999999,1
-0.376651749269392,11,-0.0499999999999999,1
0.020495600374506,12,-0.0499999999999999,1
0.146879373925361,13,-0.0499999999999999,1
0.0288396476154056,14,-0.0499999999999999,1
-0.14092095867896,15,-0.0499999999999999,1
0.0946543557164582,16,-0.0499999999999999,1
0.110717308508602,17,-0.0499999999999999,1
0.144622821075314,18,-0.0499999999999999,1
-0.149380743372132,19,-0.0499999999999999,1
-0.00514309784171001,20,-0.0499999999999999,1
-0.0495590129689211,21,-0.0499999999999999,1
-0.00139164369632169,1,0,1
0.194763546148655,2,0,1
-0.0248878065066976,3,0,1
-0.0993180623325589,4,0,1
-0.00661067986568596,5,0,1
0.0107284997739998,6,0,1
-0.180554726375281,7,0,1
0.222108006796598,8,0,1
-0.436113389314614,9,0,1
0.100058687826019,10,0,1
-0.41976910942683,11,0,1
0.0906188808735176,12,0,1
0.13253914206303,13,0,1
0.0533827845882078,14,0,1
-0.13379883140467,15,0,1
0.117618131394313,16,0,1
0.0723763631043342,17,0,1
0.199019062987977,18,0,1
-0.168904916504736,19,0,1
-0.0179680335215962,20,0,1
-0.0788120984795846,21,0,1
-0.0209264360783731,1,0.05,1
0.167690707359755,2,0.05,1
-0.0317424105294866,3,0.05,1
-0.132342824878063,4,0.05,1
0.0495796400426299,5,0.05,1
-0.0547512666664639,6,0.05,1
-0.162985275795284,7,0.05,1
0.260730695908642,8,0.05,1
-0.457757950600855,9,0.05,1
0.0714544745323237,10,0.05,1
-0.427309832564742,11,0.05,1
0.116709989722412,12,0.05,1
0.124585113666512,13,0.05,1
0.0881431950189645,14,0.05,1
-0.125063111627898,15,0.05,1
0.17689113935045,16,0.05,1
0.0347122368128981,17,0.05,1
0.230981664871991,18,0.05,1
-0.1942503328351,19,0.05,1
-0.0352890463926255,20,0.05,1
-0.107906989465474,21,0.05,1
-0.0107992542383738,1,0.1,1
0.141269407688922,2,0.1,1
-0.04238996524071,3,0.1,1
-0.151402149974479,4,0.1,1
0.101995406219213,5,0.1,1
-0.0865285988856796,6,0.1,1
-0.168804153518717,7,0.1,1
0.259559192730851,8,0.1,1
-0.472376483435749,9,0.1,1
0.0128761377096975,10,0.1,1
-0.435116392982059,11,0.1,1
0.0727748905843319,12,0.1,1
0.135796209328978,13,0.1,1
0.0961575161471452,14,0.1,1
-0.110710404042088,15,0.1,1
0.271431614431459,16,0.1,1
0.0280363218848876,17,0.1,1
0.242343276257003,18,0.1,1
-0.208262635177526,19,0.1,1
-0.0537706991708807,20,0.1,1
-0.151975126426344,21,0.1,1
0.0188666607899875,1,0.15,1
0.0999766085478054,2,0.15,1
-0.0736143592475091,3,0.15,1
-0.155071709191772,4,0.15,1
0.121604453424787,5,0.15,1
-0.0891513501834324,6,0.15,1
-0.189992564848642,7,0.15,1
0.164453942789391,8,0.15,1
-0.503737064835934,9,0.15,1
-0.0138493080286352,10,0.15,1
-0.447054292178374,11,0.15,1
-0.0100390454357863,12,0.15,1
0.160754059313998,13,0.15,1
0.061952724478991,14,0.15,1
-0.0963973611880855,15,0.15,1
0.354896374889518,16,0.15,1
0.0637952754638,17,0.15,1
0.232282108670997,18,0.15,1
-0.18510093934475,19,0.15,1
-0.0634596889360691,20,0.15,1
-0.199307644252247,21,0.15,1
0.0481938942767307,1,0.2,1
0.0299971857506153,2,0.2,1
-0.13246937798512,3,0.2,1
-0.146680784464293,4,0.2,1
0.121425848894368,5,0.2,1
-0.0713238262316851,6,0.2,1
-0.200245392392247,7,0.2,1
0.0251733760264551,8,0.2,1
-0.547377927531146,9,0.2,1
0.00553832237096195,10,0.2,1
-0.436310394804045,11,0.2,1
-0.0758013732360203,12,0.2,1
0.17456773928268,13,0.2,1
0.00218584895562648,14,0.2,1
-0.103292086257399,15,0.2,1
0.39072297717066,16,0.2,1
0.0930062513606253,17,0.2,1
0.212044671364757,18,0.2,1
-0.114949115456217,19,0.2,1
-0.0567091525364306,20,0.2,1
-0.20351801959251,21,0.2,1
0.0572001110361796,1,0.25,1
-0.0504362119340971,2,0.25,1
-0.188452017985534,3,0.25,1
-0.126909170062707,4,0.25,1
0.136243929438777,5,0.25,1
-0.0404107764718405,6,0.25,1
-0.173935132490744,7,0.25,1
-0.0778688463856343,8,0.25,1
-0.56146832448974,9,0.25,1
0.0330827697751666,10,0.25,1
-0.391900268115125,11,0.25,1
-0.123362047337469,12,0.25,1
0.150781105559743,13,0.25,1
-0.0454509308124222,14,0.25,1
-0.127011847225901,15,0.25,1
0.377575640885076,16,0.25,1
0.0963912814270535,17,0.25,1
0.2061872080063,18,0.25,1
-0.0419256829070047,19,0.25,1
-0.0455296325512594,20,0.25,1
-0.159276089098688,21,0.25,1
0.0379375835821126,1,0.3,1
-0.111859805874521,2,0.3,1
-0.201810949828414,3,0.3,1
-0.0971270274823083,4,0.3,1
0.161673203958164,5,0.3,1
0.00287129430611171,6,0.3,1
-0.0988878658293534,7,0.3,1
-0.138325405015746,8,0.3,1
-0.501424303084344,9,0.3,1
0.0344740880711283,10,0.3,1
-0.331406383793067,11,0.3,1
-0.177942972699716,12,0.3,1
0.0869162377324696,13,0.3,1
-0.0551688196173233,14,0.3,1
-0.133864633114725,15,0.3,1
0.347453450119156,16,0.3,1
0.0906576649091616,17,0.3,1
0.218907752013267,18,0.3,1
-0.002696508155309,19,0.3,1
-0.0452236601526837,20,0.3,1
-0.0938774780610154,21,0.3,1
0.00742388779544798,1,0.35,1
-0.151555954795971,2,0.35,1
-0.165861228456776,3,0.35,1
-0.0763961532265729,4,0.35,1
0.171807061603903,5,0.35,1
0.0494226048476756,6,0.35,1
0.00846229650753751,7,0.35,1
-0.149278082918404,8,0.35,1
-0.39573503271404,9,0.35,1
-0.00971119862314054,10,0.35,1
-0.278640204162063,11,0.35,1
-0.249387597107938,12,0.35,1
-0.0109079775329715,13,0.35,1
-0.00694612688949966,14,0.35,1
-0.0977933856721008,15,0.35,1
0.334646882935864,16,0.35,1
0.0548434053984727,17,0.35,1
0.236498413532946,18,0.35,1
0.00748234397953096,19,0.35,1
-0.0600947667421443,20,0.35,1
-0.0496021078262378,21,0.35,1
0.00135751274399686,1,0.4,1
-0.173419409902334,2,0.4,1
-0.109252462438784,3,0.4,1
-0.0716148761580976,4,0.4,1
0.157839683511027,5,0.4,1
0.059713576910083,6,0.4,1
0.0988874044835071,7,0.4,1
-0.13282796667506,8,0.4,1
-0.267118193634195,9,0.4,1
-0.113161628046227,10,0.4,1
-0.248737043707066,11,0.4,1
-0.320178851461041,12,0.4,1
-0.110924040135344,13,0.4,1
0.0885116992152042,14,0.4,1
-0.00692349230889237,15,0.4,1
0.329365886482555,16,0.4,1
-0.0394651634488391,17,0.4,1
0.248566049342783,18,0.4,1
-0.00853556224862704,19,0.4,1
-0.0836932504533112,20,0.4,1
-0.0335982798540235,21,0.4,1
0.0279363255026252,1,0.45,1
-0.172702704874868,2,0.45,1
-0.0609687610010243,3,0.45,1
-0.0652462334570647,4,0.45,1
0.122137670787613,5,0.45,1
0.0249053007617775,6,0.45,1
0.16853125194954,7,0.45,1
-0.128893412781167,8,0.45,1
-0.124734015553998,9,0.45,1
-0.279637639167815,10,0.45,1
-0.234142608168108,11,0.45,1
-0.368404803475867,12,0.45,1
-0.163940381344268,13,0.45,1
0.171075313832042,14,0.45,1
0.124856689050998,15,0.45,1
0.287866401538369,16,0.45,1
-0.14062275915453,17,0.45,1
0.251807928685568,18,0.45,1
-0.0293863360346208,19,0.45,1
-0.108150062507049,20,0.45,1
-0.0291844649511924,21,0.45,1
0.0793292108008534,1,0.5,1
-0.15851839849613,2,0.5,1
-0.0464630357737964,3,0.5,1
-0.0493339020870998,4,0.5,1
0.0831442444284411,5,0.5,1
-0.0200931106904233,6,0.5,1
0.221489619673623,7,0.5,1
-0.145129389783517,8,0.5,1
-0.00690122953244955,9,0.5,1
-0.43733041413531,10,0.5,1
-0.225782736631832,11,0.5,1
-0.358471830555103,12,0.5,1
-0.150473968801478,13,0.5,1
0.190808247533634,14,0.5,1
0.173250248634631,15,0.5,1
0.199540877166721,16,0.5,1
-0.200372671060941,17,0.5,1
0.244859654603747,18,0.5,1
-0.0176406660514743,19,0.5,1
-0.135147645751768,20,0.5,1
-0.0267457297859962,21,0.5,1
0.124686847531684,1,0.55,1
-0.139366500131986,2,0.55,1
-0.058215739813212,3,0.55,1
-0.0314204639799001,4,0.55,1
0.0503602691216055,5,0.55,1
-0.0453867546431836,6,0.55,1
0.270346809193659,7,0.55,1
-0.171035093758909,8,0.55,1
0.0736801594524484,9,0.55,1
-0.494867186322656,10,0.55,1
-0.216992091675061,11,0.55,1
-0.306542565382589,12,0.55,1
-0.0856208319197085,13,0.55,1
0.144421111219148,14,0.55,1
0.122119350819351,15,0.55,1
0.0870764871951204,16,0.55,1
-0.208102346951866,17,0.55,1
0.22482064361795,18,0.55,1
0.0298561610271374,19,0.55,1
-0.164075674771933,20,0.55,1
-0.0416387561710676,21,0.55,1
0.141347910603917,1,0.6,1
-0.11791617389096,2,0.6,1
-0.0711956759807584,3,0.6,1
-0.0164668101487377,4,0.6,1
0.0226094073728018,5,0.6,1
-0.0467813948771355,6,0.6,1
0.308288562201646,7,0.6,1
-0.194781295268233,8,0.6,1
0.130522902120622,9,0.6,1
-0.466047776772297,10,0.6,1
-0.198913280128924,11,0.6,1
-0.236223254414127,12,0.6,1
-0.0118933020370692,13,0.6,1
0.0855208197655692,14,0.6,1
0.038097331789125,15,0.6,1
-0.067470812281174,16,0.6,1
-0.173301897697363,17,0.6,1
0.201040220699565,18,0.6,1
0.0901470889151723,19,0.6,1
-0.183472747869259,20,0.6,1
-0.0819528581372403,21,0.6,1
0.105583492610898,1,0.65,1
-0.0995578773483966,2,0.65,1
-0.0578736171995801,3,0.65,1
0.000964030966464562,4,0.65,1
-0.0121092216023338,5,0.65,1
-0.0170516618972877,6,0.65,1
0.291164584778272,7,0.65,1
-0.202577024453763,8,0.65,1
0.159404296716023,9,0.65,1
-0.413464566035432,10,0.65,1
-0.147109556632408,11,0.65,1
-0.14239954385746,12,0.65,1
0.0442677524980486,13,0.65,1
0.0671325692281046,14,0.65,1
-0.0378592321245287,15,0.65,1
-0.237899205002424,16,0.65,1
-0.125445843012654,17,0.65,1
0.189855106456099,18,0.65,1
0.130670060051293,19,0.65,1
-0.187320583100507,20,0.65,1
-0.135303665035731,21,0.65,1
0.0416871190981246,1,0.7,1
-0.0868818945296557,2,0.7,1
-0.0119977802231478,3,0.7,1
0.0135548969627499,4,0.7,1
-0.0630610023905911,5,0.7,1
0.0561569214912477,6,0.7,1
0.224273597580415,7,0.7,1
-0.196085538931435,8,0.7,1
0.140321000881273,9,0.7,1
-0.372771885393015,10,0.7,1
-0.0605570436897301,11,0.7,1
-0.0319793399618453,12,0.7,1
0.076912479390179,13,0.7,1
0.0833350323974634,14,0.7,1
-0.0881477022498064,15,0.7,1
-0.33156531791495,16,0.7,1
-0.0893554437987645,17,0.7,1
0.171400548387036,18,0.7,1
0.143714646886706,19,0.7,1
-0.181165023889294,20,0.7,1
-0.173616013311213,21,0.7,1
-0.0089031914257865,1,0.75,1
-0.0678627539408934,2,0.75,1
0.0415517426907676,3,0.75,1
0.00913886365272721,4,0.75,1
-0.104829116420641,5,0.75,1
0.12620390367154,6,0.75,1
0.156599868875247,7,0.75,1
-0.175006024178258,8,0.75,1
0.0744336331263703,9,0.75,1
-0.339294079841424,10,0.75,1
-0.0123305044657014,11,0.75,1
0.0574192576692427,12,0.75,1
0.0751398719798423,13,0.75,1
0.0934314818308216,14,0.75,1
-0.0924762235482789,15,0.75,1
-0.357814724965007,16,0.75,1
-0.0699237295223404,17,0.75,1
0.134791092911093,18,0.75,1
0.120728818834975,19,0.75,1
-0.171652643945778,20,0.75,1
-0.176658125886593,21,0.75,1
-0.0305625719375066,1,0.8,1
-0.026656824341905,2,0.8,1
0.0670225940317526,3,0.8,1
-0.00544958107997115,4,0.8,1
-0.107771631719518,5,0.8,1
0.15456053840897,6,0.8,1
0.0915656585840353,7,0.8,1
-0.156943121019342,8,0.8,1
-0.0112413797410147,9,0.8,1
-0.318257551104359,10,0.8,1
0.00563399998625222,11,0.8,1
0.112085976792819,12,0.8,1
0.0482466251626997,13,0.8,1
0.070788346636505,14,0.8,1
-0.062529237900488,15,0.8,1
-0.339498811793097,16,0.8,1
-0.0497329005779817,17,0.8,1
0.091480207718399,18,0.8,1
0.0611908755135369,19,0.8,1
-0.161624747362392,20,0.8,1
-0.137794154490619,21,0.8,1
-0.0206895456723906,1,0.85,1
0.015915355042497,2,0.85,1
0.0453977740084028,3,0.85,1
-0.00880697553234926,4,0.85,1
-0.0804842093932186,5,0.85,1
0.161339553479823,6,0.85,1
0.0402559922115151,7,0.85,1
-0.154247297972866,8,0.85,1
-0.0776387338245751,9,0.85,1
-0.315089628748475,10,0.85,1
0.0102846350317337,11,0.85,1
0.135997000677484,12,0.85,1
0.0220628043158506,13,0.85,1
0.0210666807413423,14,0.85,1
-0.0282182179128705,15,0.85,1
-0.311244883621018,16,0.85,1
-0.0280544827225855,17,0.85,1
0.0455868174921498,18,0.85,1
-0.013469019536453,19,0.85,1
-0.148920225524394,20,0.85,1
-0.0843361392082623,21,0.85,1
0.0227547358439867,1,0.9,1
0.0159610418225889,2,0.9,1
-0.00651582056330921,3,0.9,1
0.000983490421827881,4,0.9,1
-0.0344662229101092,5,0.9,1
0.172970286418278,6,0.9,1
0.00921282800223049,7,0.9,1
-0.171289164402189,8,0.9,1
-0.0722949657079749,9,0.9,1
-0.308578639224935,10,0.9,1
0.0245292971713784,11,0.9,1
0.15106584670244,12,0.9,1
-0.0147443887809766,13,0.9,1
-0.0287806453779713,14,0.9,1
0.00649874976452078,15,0.9,1
-0.297824331523215,16,0.9,1
-0.0181114175506956,17,0.9,1
0.00860180443965274,18,0.9,1
-0.0606687184880828,19,0.9,1
-0.135725479478122,20,0.9,1
-0.0548847697347112,21,0.9,1
0.0781624402422683,1,0.95,1
-0.0188318900927064,2,0.95,1
-0.0478945888049985,3,0.95,1
0.0152399736986503,4,0.95,1
0.022997274351283,5,0.95,1
0.194554904071661,6,0.95,1
-0.0213561784981743,7,0.95,1
-0.185628936805627,8,0.95,1
0.00342751576243952,9,0.95,1
-0.286250485897566,10,0.95,1
0.0628715954806117,11,0.95,1
0.152308792548395,12,0.95,1
-0.077379042135154,13,0.95,1
-0.0640236463082351,14,0.95,1
0.0300243052967461,15,0.95,1
-0.302197755150922,16,0.95,1
-0.0307540323778676,17,0.95,1
0.00213473379284336,18,0.95,1
-0.0622187304282404,19,0.95,1
-0.128810621792578,20,0.95,1
-0.0577885220294633,21,0.95,1
0.0962740326662788,1,1,1
-0.0680476984076449,2,1,1
-0.0584203614602821,3,1,1
0.0323514184659951,4,1,1
0.0914248976412439,5,1,1
0.239628808547316,6,1,1
-0.058083783975331,7,1,1
-0.177738858631144,8,1,1
0.111967288543241,9,1,1
-0.243947687156517,10,1,1
0.0787388954869482,11,1,1
0.142833880871224,12,1,1
-0.131344558645582,13,1,1
-0.0841427029793466,14,1,1
0.0174105631994816,15,1,1
-0.307401030074552,16,1,1
-0.0642334190360651,17,1,1
0.035950078324599,18,1,1
-0.0425732634241645,19,1,1
-0.129749917540262,20,1,1
-0.081814442952263,21,1,1
0.081303385909222,1,1.05,1
-0.113554397349331,2,1.05,1
-0.0350381097603757,3,1.05,1
0.0459204285208551,4,1.05,1
0.114009624247599,5,1.05,1
0.305972640319244,6,1.05,1
-0.0897890934876146,7,1.05,1
-0.158451921163813,8,1.05,1
0.192729479368399,9,1.05,1
-0.197369644876537,10,1.05,1
0.0724332849076442,11,1.05,1
0.14689543437248,12,1.05,1
-0.140531729628333,13,1.05,1
-0.0942013630984651,14,1.05,1
-0.0399666561390457,15,1.05,1
-0.301911774875768,16,1.05,1
-0.106818261197963,17,1.05,1
0.0899021510414928,18,1.05,1
-0.0600083152663506,19,1.05,1
-0.131972635800258,20,1.05,1
-0.122888326179447,21,1.05,1
0.0522341912680573,1,1.1,1
-0.148853409585467,2,1.1,1
0.0120121810932526,3,1.1,1
0.0312841422868662,4,1.1,1
0.0686202574664319,5,1.1,1
0.344576144234909,6,1.1,1
-0.0873321662185443,7,1.1,1
-0.151484476218111,8,1.1,1
0.210489789826276,9,1.1,1
-0.151209376118927,10,1.1,1
0.0560290680945828,11,1.1,1
0.154927621937946,12,1.1,1
-0.0998492440158206,13,1.1,1
-0.101793656846394,14,1.1,1
-0.124299403932211,15,1.1,1
-0.287217317761253,16,1.1,1
-0.135651266756376,17,1.1,1
0.131959637368894,18,1.1,1
-0.106208929337471,19,1.1,1
-0.124101120872324,20,1.1,1
-0.151882904773374,21,1.1,1
0.0164337801773824,1,1.15,1
-0.168188041912044,2,1.15,1
0.0472812823083241,3,1.15,1
-0.00743094089172323,4,1.15,1
0.0117758274489348,5,1.15,1
0.319917751621126,6,1.15,1
-0.038879077536016,7,1.15,1
-0.161678674795001,8,1.15,1
0.164371667941145,9,1.15,1
-0.118656966046761,10,1.15,1
0.0270242604944728,11,1.15,1
0.142874220449079,12,1.15,1
-0.0174068402974119,13,1.15,1
-0.110809933696934,14,1.15,1
-0.199140897705774,15,1.15,1
-0.253570117952653,16,1.15,1
-0.139581456822748,17,1.15,1
0.152349667398956,18,1.15,1
-0.154776862731224,19,1.15,1
-0.0993466729473002,20,1.15,1
-0.159418075058891,21,1.15,1
-0.0204273554474393,1,1.2,1
-0.160558790056224,2,1.2,1
0.0610045063912061,3,1.2,1
-0.0274467979139913,4,1.2,1
-0.0126830819978558,5,1.2,1
0.25303661923575,6,1.2,1
0.0258629148546178,7,1.2,1
-0.185525742118416,8,1.2,1
0.0871012721037945,9,1.2,1
-0.109984909978714,10,1.2,1
-0.02374431099937,11,1.2,1
0.107597615118005,12,1.2,1
0.0706650975460427,13,1.2,1
-0.118797183158622,14,1.2,1
-0.210616019953911,15,1.2,1
-0.181457442726131,16,1.2,1
-0.127111070128554,17,1.2,1
0.161184530386171,18,1.2,1
-0.206858394134163,19,1.2,1
-0.0704813385094722,20,1.2,1
-0.157242487554023,21,1.2,1
-0.0496738156852575,1,1.25,1
-0.136445437233886,2,1.25,1
0.0568924304855756,3,1.25,1
-0.0195068656626624,4,1.25,1
-0.00655020142833525,5,1.25,1
0.190151695774914,6,1.25,1
0.0667102050063057,7,1.25,1
-0.223775671474969,8,1.25,1
0.052265458232844,9,1.25,1
-0.121538099106691,10,1.25,1
-0.0826880349048879,11,1.25,1
0.0463836267034148,12,1.25,1
0.146000728450538,13,1.25,1
-0.133356092515298,14,1.25,1
-0.168637436822539,15,1.25,1
-0.12094699390827,16,1.25,1
-0.131953941307097,17,1.25,1
0.176996281201439,18,1.25,1
-0.249297951807027,19,1.25,1
-0.0562172424708397,20,1.25,1
-0.166493179780053,21,1.25,1
-0.0819891160316547,1,1.3,1
-0.105593916918279,2,1.3,1
0.0468724244798342,3,1.3,1
0.0126702028969817,4,1.3,1
0.0342715940951278,5,1.3,1
0.15790421404633,6,1.3,1
0.0698078010243059,7,1.3,1
-0.262107305902136,8,1.3,1
0.0948760468285364,9,1.3,1
-0.123060653099709,10,1.3,1
-0.0948388821136028,11,1.3,1
-0.0574761993033606,12,1.3,1
0.208230143791151,13,1.3,1
-0.162543106701964,14,1.3,1
-0.105920520791095,15,1.3,1
-0.126345095017346,16,1.3,1
-0.157217216047231,17,1.3,1
0.200490678863442,18,1.3,1
-0.242328864250984,19,1.3,1
-0.0628388658767488,20,1.3,1
-0.186886827433066,21,1.3,1
-0.131886626717136,1,1.35,1
-0.080125933898664,2,1.35,1
0.0407419653265663,3,1.35,1
0.0444432717785589,4,1.35,1
0.101634538184526,5,1.35,1
0.17313573747032,6,1.35,1
0.050972062397921,7,1.35,1
-0.263814065302953,8,1.35,1
0.159389612668773,9,1.35,1
-0.127752353860282,10,1.35,1
-0.0572330685055753,11,1.35,1
-0.178780706482787,12,1.35,1
0.243185271801298,13,1.35,1
-0.20212717434834,14,1.35,1
-0.0595384862264083,15,1.35,1
-0.189844511955188,16,1.35,1
-0.177935904989696,17,1.35,1
0.218050267992846,18,1.35,1
-0.166369687949604,19,1.35,1
-0.0836702943699012,20,1.35,1
-0.179186345120786,21,1.35,1
-0.190351266591663,1,1.4,1
-0.0570882132021653,2,1.4,1
0.0314121235765093,3,1.4,1
0.0600524391290838,4,1.4,1
0.162626749512841,5,1.4,1
0.232697334449741,6,1.4,1
0.0428652553795716,7,1.4,1
-0.230821454344558,8,1.4,1
0.200375451349597,9,1.4,1
-0.133075034566398,10,1.4,1
-0.0232039861234383,11,1.4,1
-0.235930528627401,12,1.4,1
0.240010578165614,13,1.4,1
-0.232963427096679,14,1.4,1
-0.0370514458393413,15,1.4,1
-0.265726610318631,16,1.4,1
-0.178573003305949,17,1.4,1
0.232343390142207,18,1.4,1
-0.0642352402258735,19,1.4,1
-0.106054122800382,20,1.4,1
-0.110157513642155,21,1.4,1
-0.243684813491183,1,1.45,1
-0.031460123019286,2,1.45,1
0.00481442289626293,3,1.45,1
0.0679557814343673,4,1.45,1
0.179157805500295,5,1.45,1
0.294836934672847,6,1.45,1
0.0879782033931282,7,1.45,1
-0.187214512072429,8,1.45,1
0.208276181282126,9,1.45,1
-0.119719663252414,10,1.45,1
-0.0476947878623611,11,1.45,1
-0.194579243815779,12,1.45,1
0.19910139685529,13,1.45,1
-0.235175657244769,14,1.45,1
-0.0170008181084344,15,1.45,1
-0.304128753660999,16,1.45,1
-0.1470316947684,17,1.45,1
0.248966987359503,18,1.45,1
0.00439451083728539,19,1.45,1
-0.122161758693268,20,1.45,1
0.00913167920401704,21,1.45,1
-0.28834207823937,1,1.5,1
-0.00993888795788251,2,1.5,1
-0.0193434267441719,3,1.5,1
0.0671634312551235,4,1.5,1
0.149605736546448,5,1.5,1
0.321274909199799,6,1.5,1
0.164858744705992,7,1.5,1
-0.14742792487944,8,1.5,1
0.176327763968483,9,1.5,1
-0.0623306937387953,10,1.5,1
-0.123835698375221,11,1.5,1
-0.107143738329811,12,1.5,1
0.141820418034678,13,1.5,1
-0.186194780443334,14,1.5,1
0.0140857672641553,15,1.5,1
-0.293350699265328,16,1.5,1
-0.0990812430616055,17,1.5,1
0.251265710632303,18,1.5,1
0.0332053620544489,19,1.5,1
-0.12940152784095,20,1.5,1
0.0953284643467011,21,1.5,1
-0.303390226800479,1,1.55,1
0.000133141629865807,2,1.55,1
-0.0303049554406552,3,1.55,1
0.0418984838930162,4,1.55,1
0.104677568448885,5,1.55,1
0.304959817719886,6,1.55,1
0.205580459531895,7,1.55,1
-0.104081253923618,8,1.55,1
0.131259217594176,9,1.55,1
0.025574368380779,10,1.55,1
-0.227603214083529,11,1.55,1
-0.0270093102936395,12,1.55,1
0.0953421832583803,13,1.55,1
-0.0796836675660422,14,1.55,1
0.0559099735451987,15,1.55,1
-0.233078956142973,16,1.55,1
-0.0587854528391777,17,1.55,1
0.223884753933088,18,1.55,1
0.0489840539176604,19,1.55,1
-0.132126314142419,20,1.55,1
0.0731920467813455,21,1.55,1
-0.261440021155625,1,1.6,1
0.00869966988946714,2,1.6,1
-0.0315762943479252,3,1.6,1
-0.0165614971358702,4,1.6,1
0.0806709385452288,5,1.6,1
0.256855594581498,6,1.6,1
0.179260787503944,7,1.6,1
-0.0393138705420711,8,1.6,1
0.075204401027329,9,1.6,1
0.0740298850098822,10,1.6,1
-0.337188320067711,11,1.6,1
0.0373700182893894,12,1.6,1
0.0621022841114759,13,1.6,1
0.016016833299893,14,1.6,1
0.0775447409688943,15,1.6,1
-0.123859167354797,16,1.6,1
-0.0580861314034058,17,1.6,1
0.158503646118441,18,1.6,1
0.0549780462184065,19,1.6,1
-0.14235582541238,20,1.6,1
-0.0305487697599792,21,1.6,1
-0.196327022318647,1,1.65,1
0.0157095708866623,2,1.65,1
-0.0277152264546463,3,1.65,1
-0.0774043246190627,4,1.65,1
0.0999171346311236,5,1.65,1
0.189251297984693,6,1.65,1
0.104498711217303,7,1.65,1
0.0426769941117106,8,1.65,1
0.0124428583694643,9,1.65,1
0.0549983497956661,10,1.65,1
-0.426123773434591,11,1.65,1
0.0613650845593969,12,1.65,1
0.0375863421390305,13,1.65,1
0.0496159918317181,14,1.65,1
0.0614887612835772,15,1.65,1
0.0162355022652709,16,1.65,1
-0.088768780997409,17,1.65,1
0.0694985811671978,18,1.65,1
0.0434728148684106,19,1.65,1
-0.169457513106221,20,1.65,1
-0.142249995330898,21,1.65,1
-0.148716258149963,1,1.7,1
0.0272229096539466,2,1.7,1
-0.0183851478001127,3,1.7,1
-0.115966400699903,4,1.7,1
0.13644760829165,5,1.7,1
0.0988509985376348,6,1.7,1
0.0390641938445237,7,1.7,1
0.0789177021582276,8,1.7,1
-0.0446470469462886,9,1.7,1
-0.00685150848577542,10,1.7,1
-0.470906443606973,11,1.7,1
0.0614371482498939,12,1.7,1
0.0196394886787706,13,1.7,1
0.0446315315501514,14,1.7,1
0.0235223370818043,15,1.7,1
0.125844058949226,16,1.7,1
-0.112095182600537,17,1.7,1
-0.0148411515132121,18,1.7,1
0.0116025079766319,19,1.7,1
-0.209112317184983,20,1.7,1
-0.206556297633987,21,1.7,1
-0.133501548518993,1,1.75,1
0.0483106350354298,2,1.75,1
-0.00758184076008228,3,1.75,1
-0.137470514223665,4,1.75,1
0.150092892593603,5,1.75,1
0.0119336142929986,6,1.75,1
0.012242416427417,7,1.75,1
0.0602317557927901,8,1.75,1
-0.04138603155924,9,1.75,1
-0.0249082554951488,10,1.75,1
-0.467056704172025,11,1.75,1
0.0398989409406326,12,1.75,1
0.0180052738718844,13,1.75,1
0.0322083876389635,14,1.75,1
0.000932072387229692,15,1.75,1
0.167733445429369,16,1.75,1
-0.127824407853801,17,1.75,1
-0.0780975529032829,18,1.75,1
-0.03457198040742,19,1.75,1
-0.238364946615859,20,1.75,1
-0.22877516457155,21,1.75,1
-0.138923806390711,1,1.8,1
0.0778120677440447,2,1.8,1
-0.0071881604991847,3,1.8,1
-0.14536076765482,4,1.8,1
0.100797272184994,5,1.8,1
-0.0231436688638612,6,1.8,1
0.0135888123003666,7,1.8,1
0.0120362151162459,8,1.8,1
0.0445240114835834,9,1.8,1
0.00925501801429501,10,1.8,1
-0.434824192190058,11,1.8,1
-0.0126158514509165,12,1.8,1
0.0347031125771942,13,1.8,1
0.0343745490830288,14,1.8,1
0.00124879449726537,15,1.8,1
0.158096012348194,16,1.8,1
-0.167274742588449,17,1.8,1
-0.10747915855596,18,1.8,1
-0.0736598011018207,19,1.8,1
-0.239183634507418,20,1.8,1
-0.228278372468166,21,1.8,1
-0.153084713920731,1,1.85,1
0.114267467057647,2,1.85,1
-0.0202833990490539,3,1.85,1
-0.138905152548537,4,1.85,1
-0.00979313453365505,5,1.85,1
-0.0297782885103423,6,1.85,1
0.0276534494288039,7,1.85,1
-0.0479276949604748,8,1.85,1
0.150871582269098,9,1.85,1
0.0447119693505112,10,1.85,1
-0.400428562238473,11,1.85,1
-0.0127492418415958,12,1.85,1
0.0540781548677376,13,1.85,1
0.0498707068433992,14,1.85,1
0.00787268439176674,15,1.85,1
0.131041178188406,16,1.85,1
-0.212020740466262,17,1.85,1
-0.0940215223543921,18,1.85,1
-0.0869007790121516,19,1.85,1
-0.214535453462741,20,1.85,1
-0.20024789504037,21,1.85,1
-0.15918588564473,1,1.9,1
0.153610423317514,2,1.9,1
-0.0490511402999876,3,1.9,1
-0.12394405715116,4,1.9,1
-0.108271731852039,5,1.9,1
-0.0392872385086416,6,1.9,1
0.0383556348865845,7,1.9,1
-0.108156297241245,8,1.9,1
0.201290403507954,9,1.9,1
0.0760221374959702,10,1.9,1
-0.373307920228287,11,1.9,1
0.0448404218987558,12,1.9,1
0.0774883513758799,13,1.9,1
0.0663328951341376,14,1.9,1
0.0134730234234902,15,1.9,1
0.091021027179692,16,1.9,1
-0.232168041771246,17,1.9,1
-0.0407360392873087,18,1.9,1
-0.0778941693842303,19,1.9,1
-0.169912366503257,20,1.9,1
-0.150664168239953,21,1.9,1
-0.148122374992831,1,1.95,1
0.181284375967645,2,1.95,1
-0.0962629565917159,3,1.95,1
-0.103167097602851,4,1.95,1
-0.0996361359221616,5,1.95,1
-0.0636373835124706,6,1.95,1
0.0326055973061783,7,1.95,1
-0.135158677780448,8,1.95,1
0.169477461354598,9,1.95,1
0.135437598583981,10,1.95,1
-0.34248431199514,11,1.95,1
0.114370084135893,12,1.95,1
0.103946175065793,13,1.95,1
0.0613523136457746,14,1.95,1
0.0251523053516151,15,1.95,1
0.0311545296988176,16,1.95,1
-0.240053635071841,17,1.95,1
-0.00121744644783262,18,1.95,1
-0.0710790868112145,19,1.95,1
-0.104839561450517,20,1.95,1
-0.133595981571208,21,1.95,1
-0.126843431125586,1,2,1
0.173259966196678,2,2,1
-0.158480779628763,3,2,1
-0.0686775613456048,4,2,1
0.0193153307648598,5,2,1
-0.0851622631455555,6,2,1
0.0109225341619966,7,2,1
-0.096651978120582,8,2,1
0.0570319179082899,9,2,1
0.194513960546507,10,2,1
-0.298918729991191,11,2,1
0.169386702024868,12,2,1
0.119065065225804,13,2,1
0.0280611949308545,14,2,1
0.0402692639942619,15,2,1
-0.0469941093516176,16,2,1
-0.239247427172251,17,2,1
-5.01664535143578e-05,18,2,1
-0.0892806614984094,19,2,1
-0.0346673858034068,20,2,1
-0.155735198587837,21,2,1
-0.116984036180661,1,2.05,1
0.132870428374779,2,2.05,1
-0.236014687075916,3,2.05,1
-0.0292703683813802,4,2.05,1
0.145405916176885,5,2.05,1
-0.0767257539872266,6,2.05,1
-0.0110171557613,7,2.05,1
-0.067675022698705,8,2.05,1
-0.0849298277931056,9,2.05,1
0.214485698427839,10,2.05,1
-0.257295009378804,11,2.05,1
0.19236848372401,12,2.05,1
0.104917046397919,13,2.05,1
-0.0243406465646384,14,2.05,1
0.0669508653355006,15,2.05,1
-0.119002201594938,16,2.05,1
-0.214706818768951,17,2.05,1
-0.0486068778536313,18,2.05,1
-0.126358625691728,19,2.05,1
0.00953461168296379,20,2.05,1
-0.180026810218047,21,2.05,1
-0.119453359587744,1,2.1,1
0.0839602457545643,2,2.1,1
-0.296676635579357,3,2.1,1
-0.00286142054777398,4,2.1,1
0.184446866570444,5,2.1,1
-0.0505439118423485,6,2.1,1
-0.00622370197527151,7,2.1,1
-0.0915979225965025,8,2.1,1
-0.138479212327327,9,2.1,1
0.192152359013085,10,2.1,1
-0.234320197473699,11,2.1,1
0.182312312191384,12,2.1,1
0.0518219131531467,13,2.1,1
-0.0787443796260059,14,2.1,1
0.0990438078330213,15,2.1,1
-0.169468087401189,16,2.1,1
-0.148028222220719,17,2.1,1
-0.155748020054983,18,2.1,1
-0.15060875492136,19,2.1,1
0.017772049681466,20,2.1,1
-0.189583155095377,21,2.1,1
-0.119367957509605,1,2.15,1
0.0544460973224081,2,2.15,1
-0.303761064799789,3,2.15,1
0.0057803657202736,4,2.15,1
0.154120917768926,5,2.15,1
0.00272256008510755,6,2.15,1
0.0355731108032684,7,2.15,1
-0.152788644168881,8,2.15,1
-0.107932486838061,9,2.15,1
0.129020122176512,10,2.15,1
-0.200072771443109,11,2.15,1
0.153365845374515,12,2.15,1
-0.0128894862463869,13,2.15,1
-0.116171722419213,14,2.15,1
0.103519867024063,15,2.15,1
-0.189986688647497,16,2.15,1
-0.0944198535864861,17,2.15,1
-0.269918090768038,18,2.15,1
-0.148257169435395,19,2.15,1
0.00328381438811892,20,2.15,1
-0.200115533093935,21,2.15,1
-0.10026461847548,1,2.2,1
0.065268535715536,2,2.2,1
-0.255761724739367,3,2.2,1
0.00662746084491231,4,2.2,1
0.0988824526193677,5,2.2,1
0.0878004607555662,6,2.2,1
0.100632434358015,7,2.2,1
-0.215482436600371,8,2.2,1
-0.0297147431594842,9,2.2,1
0.0379572454290063,10,2.2,1
-0.155635241726182,11,2.2,1
0.127673791325351,12,2.2,1
-0.0647079021173697,13,2.2,1
-0.129936337485983,14,2.2,1
0.064093943633325,15,2.2,1
-0.17217386478512,16,2.2,1
-0.0831076739839763,17,2.2,1
-0.34648793583656,18,2.2,1
-0.126744975260024,19,2.2,1
-0.012475470282546,20,2.2,1
-0.227061364193904,21,2.2,1
-0.0598906156392389,1,2.25,1
0.101645067563944,2,2.25,1
-0.168131879704359,3,2.25,1
0.00435715478677564,4,2.25,1
0.0423395305831596,5,2.25,1
0.165539198342189,6,2.25,1
0.165399072903933,7,2.25,1
-0.243366176048428,8,2.25,1
0.0506733149034045,9,2.25,1
-0.0681039907864214,10,2.25,1
-0.141301530203958,11,2.25,1
0.100428810136177,12,2.25,1
-0.102190477743224,13,2.25,1
-0.124001031580985,14,2.25,1
0.0133864819204795,15,2.25,1
-0.150550178389234,16,2.25,1
-0.102164403534493,17,2.25,1
-0.376567690261007,18,2.25,1
-0.103325444743985,19,2.25,1
-0.0174324586048115,20,2.25,1
-0.244087066588651,21,2.25,1
-0.0263712562921536,1,2.3,1
0.13409092088417,2,2.3,1
-0.0763989125997744,3,2.3,1
-0.00348988568120946,4,2.3,1
-0.0021736878024199,5,2.3,1
0.231444563601953,6,2.3,1
0.212317729744901,7,2.3,1
-0.236782952985885,8,2.3,1
0.13764407953575,9,2.3,1
-0.170292758573256,10,2.3,1
-0.138468958080974,11,2.3,1
0.0605673403865175,12,2.3,1
-0.119979996127009,13,2.3,1
-0.0897353449417869,14,2.3,1
-0.0167475196916034,15,2.3,1
-0.136219968338771,16,2.3,1
-0.122462338663396,17,2.3,1
-0.342310997096375,18,2.3,1
-0.0896705652841742,19,2.3,1
-0.0105162327329015,20,2.3,1
-0.202842181780776,21,2.3,1
-0.0186053429110181,1,2.35,1
0.148838088265676,2,2.35,1
-0.0254927521096177,3,2.35,1
-0.014278022054214,4,2.35,1
-0.0156318512052117,5,2.35,1
0.263627206797211,6,2.35,1
0.237896228723058,7,2.35,1
-0.192180600130534,8,2.35,1
0.205188076153915,9,2.35,1
-0.219187990693811,10,2.35,1
-0.142575491752016,11,2.35,1
0.0170558050339727,12,2.35,1
-0.112293715813368,13,2.35,1
-0.0191801027833173,14,2.35,1
-0.0315019076641016,15,2.35,1
-0.117127387049313,16,2.35,1
-0.120948553746271,17,2.35,1
-0.232553347278363,18,2.35,1
-0.0818900283510084,19,2.35,1
0.00941956676362984,20,2.35,1
-0.105947779295882,21,2.35,1
-0.0266774755968108,1,2.4,1
0.15346531807571,2,2.4,1
-0.0361113412943007,3,2.4,1
-0.0300155006887091,4,2.4,1
0.0315724290544675,5,2.4,1
0.238391311107683,6,2.4,1
0.242277329243882,7,2.4,1
-0.128218516783424,8,2.4,1
0.238903690544143,9,2.4,1
-0.238134333318644,10,2.4,1
-0.161233738418882,11,2.4,1
-0.000757757639738949,12,2.4,1
-0.0722213143846812,13,2.4,1
0.0799056321229995,14,2.4,1
-0.0399602122968098,15,2.4,1
-0.104111978679318,16,2.4,1
-0.0846134496213461,17,2.4,1
-0.0933384695752376,18,2.4,1
-0.0487614089056348,19,2.4,1
0.0310450339500232,20,2.4,1
0.0160163009019057,21,2.4,1
-0.0350566148447965,1,2.45,1
0.153857431916704,2,2.45,1
-0.099392344585323,3,2.45,1
-0.0483122706957099,4,2.45,1
0.0503340262798015,5,2.45,1
0.169588848279262,6,2.45,1
0.230152931297946,7,2.45,1
-0.0889367543292529,8,2.45,1
0.253814688029934,9,2.45,1
-0.26402539840455,10,2.45,1
-0.174022239226517,11,2.45,1
0.023807848912528,12,2.45,1
0.00709888801260761,13,2.45,1
0.181026304414244,14,2.45,1
-0.0518139727266545,15,2.45,1
-0.10620752485646,16,2.45,1
-0.0364301869399263,17,2.45,1
0.0162134270114576,18,2.45,1
0.0257963971623685,19,2.45,1
0.0387420109451559,20,2.45,1
0.115843949302553,21,2.45,1
-0.0303723076219737,1,2.5,1
0.143537370493296,2,2.5,1
-0.163752660922652,3,2.5,1
-0.0590977361659596,4,2.5,1
0.018907640602451,5,2.5,1
0.0621947405991935,6,2.5,1
0.206112279760757,7,2.5,1
-0.0769657480128865,8,2.5,1
0.261519807279128,9,2.5,1
-0.278797734351597,10,2.5,1
-0.165963495901299,11,2.5,1
0.0653362969833811,12,2.5,1
0.0840843340298979,13,2.5,1
0.239840637800012,14,2.5,1
-0.0714601264649733,15,2.5,1
-0.12652666247958,16,2.5,1
0.00545092432937013,17,2.5,1
0.069117818786184,18,2.5,1
0.102554515722196,19,2.5,1
0.0371015133182834,20,2.5,1
0.168209909489147,21,2.5,1
-0.0249186128468029,1,2.55,1
0.118331071492781,2,2.55,1
-0.204786781749726,3,2.55,1
-0.0503465310259878,4,2.55,1
-0.0450515420321084,5,2.55,1
-0.0443226034616837,6,2.55,1
0.182947383728085,7,2.55,1
-0.0589841334856099,8,2.55,1
0.274069039311265,9,2.55,1
-0.255808702865303,10,2.55,1
-0.129411747505082,11,2.55,1
0.0647156346717164,12,2.55,1
0.0992564127859693,13,2.55,1
0.229068674578382,14,2.55,1
-0.0905410550473387,15,2.55,1
-0.158857598011306,16,2.55,1
0.0421422403961403,17,2.55,1
0.0683197722971575,18,2.55,1
0.122847774450773,19,2.55,1
0.0421940812995242,20,2.55,1
0.176964407681469,21,2.55,1
-0.0295332838543208,1,2.6,1
0.0819567323750635,2,2.6,1
-0.213455188740904,3,2.6,1
-0.0369702354549507,4,2.6,1
-0.126211323008649,5,2.6,1
-0.0211317191586868,6,2.6,1
0.180467652487695,7,2.6,1
-0.0251619233196434,8,2.6,1
0.285646921708814,9,2.6,1
-0.188634228015627,10,2.6,1
-0.0590539379409981,11,2.6,1
0.00171389633428917,12,2.6,1
0.0718836400990844,13,2.6,1
0.166164520783226,14,2.6,1
-0.113326754276967,15,2.6,1
-0.184078542266643,16,2.6,1
0.0744488717648923,17,2.6,1
0.0310008548241679,18,2.6,1
0.0701069403291731,19,2.6,1
0.0654900400487536,20,2.6,1
0.157645390837328,21,2.6,1
-0.0547504429806688,1,2.65,1
0.0396145099473852,2,2.65,1
-0.187663201030755,3,2.65,1
-0.033489616315491,4,2.65,1
-0.192493779590804,5,2.65,1
0.139752034225075,6,2.65,1
0.196568571430872,7,2.65,1
0.000942692429541689,8,2.65,1
0.254397506915016,9,2.65,1
-0.103596249013559,10,2.65,1
0.0234484476465752,11,2.65,1
-0.078880724258015,12,2.65,1
0.0295511529500897,13,2.65,1
0.083221863847755,14,2.65,1
-0.129112272830126,15,2.65,1
-0.192615934420409,16,2.65,1
0.0531271002099162,17,2.65,1
-0.0134467551655999,18,2.65,1
-0.00664793325164733,19,2.65,1
0.10450697399521,20,2.65,1
0.110559801759412,21,2.65,1
-0.128832275161356,1,2.7,1
0.0061195525025373,2,2.7,1
-0.135776185726176,3,2.7,1
-0.0405842867220147,4,2.7,1
-0.211698942653619,5,2.7,1
0.310659955230167,6,2.7,1
0.218464327158946,7,2.7,1
0.00021121474470518,8,2.7,1
0.154407921245617,9,2.7,1
-0.0343998067055265,10,2.7,1
0.0812867647630133,11,2.7,1
-0.126586694342478,12,2.7,1
-0.0144696482609425,13,2.7,1
-0.00163781836646321,14,2.7,1
-0.132197879254509,15,2.7,1
-0.202452420703942,16,2.7,1
-0.0391599572424527,17,2.7,1
-0.03365709356478,18,2.7,1
-0.0473793989248062,19,2.7,1
0.136348086144708,20,2.7,1
0.0375516503992781,21,2.7,1
-0.20841504922078,1,2.75,1
-0.0118933043212807,2,2.75,1
-0.073941164805504,3,2.75,1
-0.0557840378213011,4,2.75,1
-0.166702289555003,5,2.75,1
0.39652655807747,6,2.75,1
0.23254817650826,7,2.75,1
-0.0308803702340339,8,2.75,1
-0.0215621320241857,9,2.75,1
-0.00922337157503777,10,2.75,1
0.0903876972366589,11,2.75,1
-0.105516059997499,12,2.75,1
-0.0360228321709822,13,2.75,1
-0.0826750146416556,14,2.75,1
-0.134747443137127,15,2.75,1
-0.215091497656149,16,2.75,1
-0.134281263667887,17,2.75,1
-0.0141144382627552,18,2.75,1
-0.0631977259905548,19,2.75,1
0.143813051300198,20,2.75,1
-0.0650345581079015,21,2.75,1
-0.215094534920503,1,2.8,1
-0.0123807195729541,2,2.8,1
-0.0287967688918196,3,2.8,1
-0.0558928657124071,4,2.8,1
-0.090531517611301,5,2.8,1
0.420655024614727,6,2.8,1
0.230493635129333,7,2.8,1
-0.0725329339997198,8,2.8,1
-0.188859750863987,9,2.8,1
0.000148144912374609,10,2.8,1
0.0658467893606334,11,2.8,1
-0.0166898813960121,12,2.8,1
-0.00941515577509646,13,2.8,1
-0.133619505595868,14,2.8,1
-0.138826708634356,15,2.8,1
-0.210758214071748,16,2.8,1
-0.171475715185686,17,2.8,1
0.0326680769105152,18,2.8,1
-0.0917795630561218,19,2.8,1
0.132350961486636,20,2.8,1
-0.190864475775584,21,2.8,1
-0.148950607540806,1,2.85,1
0.00303127476721176,2,2.85,1
-0.00961816390430778,3,2.85,1
-0.0373171315707517,4,2.85,1
-0.0193076582270012,5,2.85,1
0.41545095917203,6,2.85,1
0.204953431276874,7,2.85,1
-0.108413220765923,8,2.85,1
-0.196258595816187,9,2.85,1
0.0263946220357517,10,2.85,1
0.0396493622642636,11,2.85,1
0.0821123323123712,12,2.85,1
0.0716223076961382,13,2.85,1
-0.134110091255644,14,2.85,1
-0.139713524472801,15,2.85,1
-0.187145712169551,16,2.85,1
-0.157043368754115,17,2.85,1
0.0892788847320833,18,2.85,1
-0.122521865919172,19,2.85,1
0.115162516151347,20,2.85,1
-0.307878804872978,21,2.85,1
-0.0315861421215766,1,2.9,1
0.0271051487010024,2,2.9,1
-0.00365240787836726,3,2.9,1
-0.0115780574954655,4,2.9,1
0.0118337892471646,5,2.9,1
0.381015139298427,6,2.9,1
0.1401811291953,7,2.9,1
-0.129196812158091,8,2.9,1
-0.0875295658233871,9,2.9,1
0.0670989624137996,10,2.9,1
0.0119496814822327,11,2.9,1
0.141350202621304,12,2.9,1
0.174233960075988,13,2.9,1
-0.101957178066893,14,2.9,1
-0.13573185831915,15,2.9,1
-0.129157139510744,16,2.9,1
-0.112866247058029,17,2.9,1
0.137863930441211,18,2.9,1
-0.142639124424366,19,2.9,1
0.101368520766398,20,2.9,1
-0.372645133755951,21,2.9,1
0.0792218244573733,1,2.95,1
0.0472844007496673,2,2.95,1
-0.00554478713350927,3,2.95,1
0.00896577777046795,4,2.95,1
0.0124949154679486,5,2.95,1
0.282323653821752,6,2.95,1
0.0629392840769245,7,2.95,1
-0.115730170055333,8,2.95,1
0.0415776242099144,9,2.95,1
0.097416260925586,10,2.95,1
-0.0140137823639465,11,2.95,1
0.159117539884241,12,2.95,1
0.245767435830247,13,2.95,1
-0.0596311824322024,14,2.95,1
-0.128790534321338,15,2.95,1
-0.0544473287117144,16,2.95,1
-0.0562798093824698,17,2.95,1
0.166306976269682,18,2.95,1
-0.16341155696371,19,2.95,1
0.0922565348390962,20,2.95,1
-0.364656039497543,21,2.95,1
0.127852057612393,1,3,1
0.0575335564102399,2,3,1
-0.01157427793694,3,3,1
0.0154350904466463,4,3,1
0.0070569019002159,5,3,1
0.139756562084749,6,3,1
0.018849429597743,7,3,1
-0.0900203332743542,8,3,1
0.12171645459937,9,3,1
0.106651055780563,10,3,1
-0.0260221233652131,11,3,1
0.156900483758511,12,3,1
0.274169672615462,13,3,1
-0.0312401418354172,14,3,1
-0.11888619238516,15,3,1
-0.012403845423274,16,3,1
-0.00827290242945996,17,3,1
0.177261593261182,18,3,1
-0.178612875646951,19,3,1
0.086453785894579,20,3,1
-0.338831737301871,21,3,1
-0.000380198550467459,1,-1,2
0.161327439012943,2,-1,2
0.0640589584808927,3,-1,2
0.0120640437179679,4,-1,2
0.087385653180803,5,-1,2
0.127273795151566,6,-1,2
-0.0120862951192204,7,-1,2
-0.120489840924441,8,-1,2
0.0877329012805925,9,-1,2
-0.040600890405969,10,-1,2
0.0267775512865711,11,-1,2
-0.12180271285928,12,-1,2
-0.0806337735440407,13,-1,2
-0.00433078990930793,14,-1,2
-0.0716723604242635,15,-1,2
0.115061187278491,16,-1,2
0.0228801416529732,17,-1,2
-0.124502460722921,18,-1,2
0.038658547300137,19,-1,2
-0.0353891943083714,20,-1,2
-0.1703803369139,21,-1,2
-0.0159745354485505,1,-0.95,2
0.154731601424345,2,-0.95,2
0.0389719151379301,3,-0.95,2
8.31184338431033e-05,4,-0.95,2
0.0811966357943556,5,-0.95,2
0.132433693697498,6,-0.95,2
-0.0182755020117606,7,-0.95,2
-0.12606245377761,8,-0.95,2
0.088300516554659,9,-0.95,2
-0.0242095564247237,10,-0.95,2
0.0392113530011569,11,-0.95,2
-0.157452415820264,12,-0.95,2
-0.051646220325456,13,-0.95,2
0.0221266048836505,14,-0.95,2
-0.0726878655746621,15,-0.95,2
0.10982376573675,16,-0.95,2
0.00756413133703648,17,-0.95,2
-0.138588202778764,18,-0.95,2
0.0205365904779884,19,-0.95,2
-0.0554125759186741,20,-0.95,2
-0.178322318337255,21,-0.95,2
-0.0318360481456221,1,-0.9,2
0.143276909360361,2,-0.9,2
-0.00612576184141257,3,-0.9,2
-0.0119196967905473,4,-0.9,2
0.0650238100655839,5,-0.9,2
0.140222378564382,6,-0.9,2
-0.0122952988096685,7,-0.9,2
-0.124185787571767,8,-0.9,2
0.0934716568904495,9,-0.9,2
0.00722907596993016,10,-0.9,2
0.0556758233310429,11,-0.9,2
-0.202551384773281,12,-0.9,2
-0.0103802498254566,13,-0.9,2
0.0617942000472159,14,-0.9,2
-0.0729598848313247,15,-0.9,2
0.0907822021776043,16,-0.9,2
-0.0266349601808008,17,-0.9,2
-0.138571611805774,18,-0.9,2
-0.0164075895409783,19,-0.9,2
-0.0877357678601894,20,-0.9,2
-0.180637675477569,21,-0.9,2
-0.0269186748104018,1,-0.85,2
0.13646079277961,2,-0.85,2
-0.0460532830186858,3,-0.85,2
-0.00941656552083104,4,-0.85,2
0.0495778284405057,5,-0.85,2
0.153907035620966,6,-0.85,2
0.0141892414133162,7,-0.85,2
-0.106254645335946,8,-0.85,2
0.100896856172956,9,-0.85,2
0.0397414159978511,10,-0.85,2
0.0640522536351143,11,-0.85,2
-0.208578111696464,12,-0.85,2
0.0192456360549218,13,-0.85,2
0.0885388805175918,14,-0.85,2
-0.0775111614249113,15,-0.85,2
0.0509617071550749,16,-0.85,2
-0.0699165848018792,17,-0.85,2
-0.109819256311591,18,-0.85,2
-0.0533417821710223,19,-0.85,2
-0.11370506114881,20,-0.85,2
-0.163306092387085,21,-0.85,2
0.00202286428779968,1,-0.8,2
0.139800787184541,2,-0.8,2
-0.0654075950838703,3,-0.8,2
0.0043893206878202,4,-0.8,2
0.055693049692438,5,-0.8,2
0.173263486607302,6,-0.8,2
0.0449379409647866,7,-0.8,2
-0.0839095803211659,8,-0.8,2
0.105225377290428,9,-0.8,2
0.0520617431381106,10,-0.8,2
0.062480090343015,11,-0.8,2
-0.174118898272729,12,-0.8,2
0.0303871690046856,13,-0.8,2
0.0791486804324995,14,-0.8,2
-0.0885604526500199,15,-0.8,2
0.00815285217062337,16,-0.8,2
-0.0921485206277672,17,-0.8,2
-0.0680326621060635,18,-0.8,2
-0.0587668465556872,19,-0.8,2
-0.116105938051134,20,-0.8,2
-0.140403532413014,21,-0.8,2
0.0399909368075194,1,-0.75,2
0.147325226266357,2,-0.75,2
-0.0635630215904055,3,-0.75,2
0.0116786089610472,4,-0.75,2
0.0893385958542395,5,-0.75,2
0.183251001204561,6,-0.75,2
0.0688081124970489,7,-0.75,2
-0.073786493031473,8,-0.75,2
0.107566168185224,9,-0.75,2
0.0379861744938582,10,-0.75,2
0.0544260142096253,11,-0.75,2
-0.142411279605948,12,-0.75,2
0.0283103264581642,13,-0.75,2
0.0303767156479051,14,-0.75,2
-0.0898457340539878,15,-0.75,2
-0.0196735316432021,16,-0.75,2
-0.063394650679268,17,-0.75,2
-0.0376560766830205,18,-0.75,2
-0.0325403033061325,19,-0.75,2
-0.094132108616332,20,-0.75,2
-0.126409514106314,21,-0.75,2
0.0642542191969994,1,-0.7,2
0.143300976677539,2,-0.7,2
-0.0525029981515778,3,-0.7,2
-0.000604041048740734,4,-0.7,2
0.133385569367875,5,-0.7,2
0.17312147583929,6,-0.7,2
0.0961177874068885,7,-0.7,2
-0.0896150113206103,8,-0.7,2
0.112849478671423,9,-0.7,2
0.00835865213913614,10,-0.7,2
0.0408849025591538,11,-0.7,2
-0.133864325892278,12,-0.7,2
0.0204638713603766,13,-0.7,2
-0.0306869692886885,14,-0.7,2
-0.0628933932347402,15,-0.7,2
-0.0268147618053868,16,-0.7,2
0.0152915045170904,17,-0.7,2
-0.0337804182256023,18,-0.7,2
0.00183595864077423,19,-0.7,2
-0.0651417908958844,20,-0.7,2
-0.112134391117937,21,-0.7,2
0.0622695361340382,1,-0.65,2
0.14083644204512,2,-0.65,2
-0.0410388022389454,3,-0.65,2
-0.0277274549997095,4,-0.65,2
0.171554880829311,5,-0.65,2
0.138329971252744,6,-0.65,2
0.131299028935048,7,-0.65,2
-0.1274583946006,8,-0.65,2
0.112307800927315,9,-0.65,2
-0.0250526260328109,10,-0.65,2
0.0213150422126143,11,-0.65,2
-0.135602693741683,12,-0.65,2
0.00917522491406918,13,-0.65,2
-0.0776677122654846,14,-0.65,2
-0.0233590453206484,15,-0.65,2
-0.0119248002978338,16,-0.65,2
0.0981293572482908,17,-0.65,2
-0.0546857761104146,18,-0.65,2
0.0293676331246005,19,-0.65,2
-0.0437634653425967,20,-0.65,2
-0.0841518209084642,21,-0.65,2
0.0435064915538291,1,-0.6,2
0.142791039567299,2,-0.6,2
-0.0273820441857134,3,-0.6,2
-0.0543978922743423,4,-0.6,2
0.195098817739484,5,-0.6,2
0.0857160902615159,6,-0.6,2
0.165144346194185,7,-0.6,2
-0.160280132315815,8,-0.6,2
0.111623891981294,9,-0.6,2
-0.054523362938618,10,-0.6,2
-0.000545491353906999,11,-0.6,2
-0.127981240818268,12,-0.6,2
-0.0106313705823901,13,-0.6,2
-0.106653552431362,14,-0.6,2
0.00475944004834388,15,-0.6,2
0.0128898428504936,16,-0.6,2
0.152505715865465,17,-0.6,2
-0.0722382414071149,18,-0.6,2
0.0403749620024106,19,-0.6,2
-0.0350208618548683,20,-0.6,2
-0.0421287628296449,21,-0.6,2
0.0241639647811764,1,-0.55,2
0.130001243163814,2,-0.55,2
-0.00800502791058119,3,-0.55,2
-0.0621612100289068,4,-0.55,2
0.197946262320974,5,-0.55,2
0.0334410464534655,6,-0.55,2
0.186118990492017,7,-0.55,2
-0.172744647686657,8,-0.55,2
0.117359158932849,9,-0.55,2
-0.0750069101003978,10,-0.55,2
-0.0130465612316674,11,-0.55,2
-0.106915304892576,12,-0.55,2
-0.0488424076117676,13,-0.55,2
-0.117335118987608,14,-0.55,2
0.0152419246141473,15,-0.55,2
0.0411069273709005,16,-0.55,2
0.156775983240677,17,-0.55,2
-0.0724305690740659,18,-0.55,2
0.0318727211966948,19,-0.55,2
-0.0385602131613598,20,-0.55,2
-0.00557261442044554,21,-0.55,2
0.0106733687433195,1,-0.5,2
0.0902793915714371,2,-0.5,2
0.0164376611434346,3,-0.5,2
-0.0377730607830902,4,-0.5,2
0.176897855343421,5,-0.5,2
-0.00222924936157875,6,-0.5,2
0.184979405600599,7,-0.5,2
-0.156323709966055,8,-0.5,2
0.124360645575027,9,-0.5,2
-0.0725892003231371,10,-0.5,2
-0.0106026569315671,11,-0.5,2
-0.0786715415418922,12,-0.5,2
-0.103753170323539,13,-0.5,2
-0.104820726672079,14,-0.5,2
0.0113575602116538,15,-0.5,2
0.0596582375541609,16,-0.5,2
0.115525763995853,17,-0.5,2
-0.0615397314117352,18,-0.5,2
0.0130680916379372,19,-0.5,2
-0.0485389148234058,20,-0.5,2
0.014801518565501,21,-0.5,2
0.00939749290262454,1,-0.45,2
0.0404594303698156,2,-0.45,2
0.0362531509652101,3,-0.45,2
0.00291114753558094,4,-0.45,2
0.135040297699112,5,-0.45,2
-0.00555232621513321,6,-0.45,2
0.15284967593494,7,-0.45,2
-0.105608356877079,8,-0.45,2
0.128101554256642,9,-0.45,2
-0.0427860330220144,10,-0.45,2
-0.00164867436866217,11,-0.45,2
-0.0543874503371511,12,-0.45,2
-0.145976855795415,13,-0.45,2
-0.0799153280921582,14,-0.45,2
-0.00411676977604371,15,-0.45,2
0.0587198282001837,16,-0.45,2
0.0601177205796079,17,-0.45,2
-0.0438157048213219,18,-0.45,2
-0.00434021415857787,19,-0.45,2
-0.0517138679263253,20,-0.45,2
0.0212629734699876,21,-0.45,2
0.0242030757660234,1,-0.4,2
0.00798207933377401,2,-0.4,2
0.0454897053496016,3,-0.4,2
0.0353514716335898,4,-0.4,2
0.0857624465253262,5,-0.4,2
0.0072450887696713,6,-0.4,2
0.0992863190010266,7,-0.4,2
-0.0451765439118404,8,-0.4,2
0.125261710141802,9,-0.4,2
0.00308774469592845,10,-0.4,2
0.00195240058106261,11,-0.4,2
-0.0330242489532669,12,-0.4,2
-0.153220167805142,13,-0.4,2
-0.0659064928914723,14,-0.4,2
-0.0274390221555041,15,-0.4,2
0.0429797136237986,16,-0.4,2
0.0119446063830663,17,-0.4,2
-0.0252921232559041,18,-0.4,2
-0.0128102993386387,19,-0.4,2
-0.0384703681015044,20,-0.4,2
0.0199241686441835,21,-0.4,2
0.0485866546106492,1,-0.35,2
-0.00220652643022044,2,-0.35,2
0.0458844628938009,3,-0.35,2
0.0503098913960211,4,-0.35,2
0.0408723559716625,5,-0.35,2
0.0155959753260466,6,-0.35,2
0.047727307312032,7,-0.35,2
-0.000265818391736783,8,-0.35,2
0.112923646588168,9,-0.35,2
0.0489315697675887,10,-0.35,2
-0.00119084749803236,11,-0.35,2
0.00379033055871794,12,-0.35,2
-0.134169898255845,13,-0.35,2
-0.0707800699866729,14,-0.35,2
-0.0515272006802244,15,-0.35,2
0.0220609607712388,16,-0.35,2
-0.019684155094269,17,-0.35,2
-0.0101490541851784,18,-0.35,2
-0.00969138671775216,19,-0.35,2
-0.0174456646619632,20,-0.35,2
0.0211211069235784,21,-0.35,2
0.0651857249959765,1,-0.3,2
-0.00223169273791784,2,-0.3,2
0.0413106641708374,3,-0.3,2
0.050578638405112,4,-0.3,2
0.0104496470910108,5,-0.3,2
0.0191023060688051,6,-0.3,2
0.0196041386923611,7,-0.3,2
0.0238342020164758,8,-0.3,2
0.0931360437649849,9,-0.3,2
0.0794183945295589,10,-0.3,2
-0.00162843695816476,11,-0.3,2
0.0684832975790347,12,-0.3,2
-0.102011168255609,13,-0.3,2
-0.0806290731121252,14,-0.3,2
-0.0654875567822627,15,-0.3,2
0.00494112119843839,16,-0.3,2
-0.0190268388723609,17,-0.3,2
-0.00572708181261007,18,-0.3,2
0.0159525766111574,19,-0.3,2
-0.00289645811699563,20,-0.3,2
0.025420164023076,21,-0.3,2
0.0618403710520843,1,-0.25,2
-0.00285504069305897,2,-0.25,2
0.0365543801368431,3,-0.25,2
0.0385712479729548,4,-0.25,2
-0.00818578966859711,5,-0.25,2
0.0231002566734948,6,-0.25,2
0.0116931713185444,7,-0.25,2
0.0209452408791891,8,-0.25,2
0.0859823389532299,9,-0.25,2
0.08481244224997,10,-0.25,2
0.00684153968008713,11,-0.25,2
0.13585014137415,12,-0.25,2
-0.0780463587202446,13,-0.25,2
-0.0777908926535459,14,-0.25,2
-0.0678249575686907,15,-0.25,2
-0.00238100904337616,16,-0.25,2
0.0184291041874675,17,-0.25,2
-0.032811290563181,18,-0.25,2
0.0624755916284709,19,-0.25,2
0.0015026829530189,20,-0.25,2
0.0259464621632539,21,-0.25,2
0.0369127565459491,1,-0.2,2
-0.00515532792060383,2,-0.2,2
0.040270584879148,3,-0.2,2
0.00963514064081971,4,-0.2,2
-0.0232330337233296,5,-0.2,2
0.034411277107222,6,-0.2,2
0.0238832462763741,7,-0.2,2
-0.00424295084228019,8,-0.2,2
0.0972610632974965,9,-0.2,2
0.0652199223085727,10,-0.2,2
0.021346468754141,11,-0.2,2
0.176382457693512,12,-0.2,2
-0.0672684305395689,13,-0.2,2
-0.0529363050545286,14,-0.2,2
-0.066525618179331,15,-0.2,2
-0.00938317966901652,16,-0.2,2
0.0694239901388811,17,-0.2,2
-0.0988824233246041,18,-0.2,2
0.104171420407807,19,-0.2,2
0.00440518197809745,20,-0.2,2
0.0231382343177111,21,-0.2,2
0.00213836383437824,1,-0.15,2
-0.00220804898241268,2,-0.15,2
0.0562364092085893,3,-0.15,2
-0.0297802254283917,4,-0.15,2
-0.0347554510582294,5,-0.15,2
0.0511617663911508,6,-0.15,2
0.0651415678204838,7,-0.15,2
-0.0330028090340869,8,-0.15,2
0.110846170242412,9,-0.15,2
0.0328226213025195,10,-0.15,2
0.0384326915068279,11,-0.15,2
0.183389676518698,12,-0.15,2
-0.0580456311266694,13,-0.15,2
-0.00685168807826871,14,-0.15,2
-0.0688011669084574,15,-0.15,2
-0.0222042973672061,16,-0.15,2
0.102883085963033,17,-0.15,2
-0.179704862491269,18,-0.15,2
0.10839281759015,19,-0.15,2
0.015786388849068,20,-0.15,2
0.0139763679017988,21,-0.15,2
-0.0274914003230155,1,-0.1,2
0.00765849703948763,2,-0.1,2
0.0773223089701878,3,-0.1,2
-0.0542663353001135,4,-0.1,2
-0.0326547092077677,5,-0.1,2
0.0574827189529937,6,-0.1,2
0.123603581202365,7,-0.1,2
-0.0510239867848883,8,-0.1,2
0.118579826053216,9,-0.1,2
0.00351806698912298,10,-0.1,2
0.057302702933397,11,-0.1,2
0.171729122877669,12,-0.1,2
-0.0464578471784784,13,-0.1,2
0.0449454066728787,14,-0.1,2
-0.0769217814914637,15,-0.1,2
-0.0428313955180021,16,-0.1,2
0.115758960598447,17,-0.1,2
-0.224609305605217,18,-0.1,2
0.0921399902299101,19,-0.1,2
0.0372314657570793,20,-0.1,2
-0.00325207955914133,21,-0.1,2
-0.04970436616846,1,-0.0499999999999999,2
0.0278560487258659,2,-0.0499999999999999,2
0.0954645655791451,3,-0.0499999999999999,2
-0.056976314112087,4,-0.0499999999999999,2
-0.0150922979922508,5,-0.0499999999999999,2
0.0474649948188979,6,-0.0499999999999999,2
0.160147773270715,7,-0.0499999999999999,2
-0.0456950701232387,8,-0.0499999999999999,2
0.129128213880172,9,-0.0499999999999999,2
-0.0254087802370868,10,-0.0499999999999999,2
0.0632446777427524,11,-0.0499999999999999,2
0.150423803955812,12,-0.0499999999999999,2
-0.0375609169221986,13,-0.0499999999999999,2
0.0742780184435631,14,-0.0499999999999999,2
-0.0946462675884186,15,-0.0499999999999999,2
-0.0566797485388125,16,-0.0499999999999999,2
0.116252861455172,17,-0.0499999999999999,2
-0.22467837508753,18,-0.0499999999999999,2
0.0843374686815542,19,-0.0499999999999999,2
0.0599995135013579,20,-0.0499999999999999,2
-0.0254457374558363,21,-0.0499999999999999,2
-0.0661804968880814,1,0,2
0.0579692336903454,2,0,2
0.115187389681341,3,0,2
-0.054337698491319,4,0,2
0.00489886550112841,5,0,2
0.0310840744928849,6,0,2
0.171122926800449,7,0,2
-0.022021901899177,8,0,2
0.148111519841294,9,0,2
-0.0567885459380517,10,0,2
0.0432633544673764,11,0,2
0.122183734736096,12,0,2
-0.0367194520497298,13,0,2
0.0703044416488473,14,0,2
-0.10641457264546,15,0,2
-0.0518724874154894,16,0,2
0.112020464937924,17,0,2
-0.185012582023999,18,0,2
0.0888874187309034,19,0,2
0.0591656554978433,20,0,2
-0.0455323197584034,21,0,2
-0.0724035639498466,1,0.05,2
0.0894175813540271,2,0.05,2
0.134284332349432,3,0.05,2
-0.0545392224959228,4,0.05,2
0.00490431888530291,5,0.05,2
0.0228961536611837,6,0.05,2
0.158664155208721,7,0.05,2
-0.00407539934086228,8,0.05,2
0.165027561212914,9,0.05,2
-0.0857246548880584,10,0.05,2
0.000594440022035719,11,0.05,2
0.0867528581866669,12,0.05,2
-0.0472620009863443,13,0.05,2
0.0385908348900994,14,0.05,2
-0.0893553740288508,15,0.05,2
-0.0462934708276005,16,0.05,2
0.115858255440831,17,0.05,2
-0.101736545201312,18,0.05,2
0.102094112253783,19,0.05,2
0.0233559224992954,20,0.05,2
-0.0592378864198678,21,0.05,2
-0.058455429286942,1,0.1,2
0.113773915537265,2,0.1,2
0.138181615499326,3,0.1,2
-0.0543584403285541,4,0.1,2
-0.030126453052458,5,0.1,2
0.0226012002242861,6,0.1,2
0.131859162155644,7,0.1,2
-0.000605998000484427,8,0.1,2
0.168724434043777,9,0.1,2
-0.103772926271414,10,0.1,2
-0.0396237927875603,11,0.1,2
0.051157963990046,12,0.1,2
-0.0735329766918094,13,0.1,2
-0.00245833490243338,14,0.1,2
-0.0531377644860878,15,0.1,2
-0.0539705648237573,16,0.1,2
0.123630754296697,17,0.1,2
0.0128229424263277,18,0.1,2
0.11574038572601,19,0.1,2
-0.0318398772988641,20,0.1,2
-0.0601255679324951,21,0.1,2
-0.0221159710513993,1,0.15,2
0.125820149785946,2,0.15,2
0.116954276789959,3,0.15,2
-0.0463270165707618,4,0.15,2
-0.0834425066763902,5,0.15,2
0.015040827044612,6,0.15,2
0.107948347351345,7,0.15,2
-0.00918232390619877,8,0.15,2
0.164154848477814,9,0.15,2
-0.11194157780377,10,0.15,2
-0.0674700706399081,11,0.15,2
0.0193754769165517,12,0.15,2
-0.121845147877747,13,0.15,2
-0.0329587906018264,14,0.15,2
-0.0205942798002489,15,0.15,2
-0.072988837264362,16,0.15,2
0.124138729964109,17,0.15,2
0.116336631704305,18,0.15,2
0.109462656950998,19,0.15,2
-0.0895105611328864,20,0.15,2
-0.0393073115832239,21,0.15,2
0.0235461223481056,1,0.2,2
0.121905382058271,2,0.2,2
0.0800599071001015,3,0.2,2
-0.0269362940415755,4,0.2,2
-0.131113951951443,5,0.2,2
-0.00432164716609705,6,0.2,2
0.095416592786848,7,0.2,2
-0.0216443900059685,8,0.2,2
0.159369658215604,9,0.2,2
-0.121463345127667,10,0.2,2
-0.091329410507372,11,0.2,2
-0.00263380110657594,12,0.2,2
-0.196456010869754,13,0.2,2
-0.0462290573741334,14,0.2,2
-0.00716174358146282,15,0.2,2
-0.0923332754434618,16,0.2,2
0.116226603260268,17,0.2,2
0.157005830555135,18,0.2,2
0.0788408953829349,19,0.2,2
-0.12750567015169,20,0.2,2
0.00364549657923243,21,0.2,2
0.0652544064971866,1,0.25,2
0.0976866174005659,2,0.25,2
0.0463724419079657,3,0.25,2
-0.0037685546266324,4,0.25,2
-0.158429364751773,5,0.25,2
-0.0240954511613381,6,0.25,2
0.0941870954068193,7,0.25,2
-0.0345422990571744,8,0.25,2
0.150794664805328,9,0.25,2
-0.136076709916504,10,0.25,2
-0.113650676034844,11,0.25,2
-0.00212007430591565,12,0.25,2
-0.282078931785354,13,0.25,2
-0.0496757924739775,14,0.25,2
-0.0112558719769837,15,0.25,2
-0.0923290198252162,16,0.25,2
0.0971244128187421,17,0.25,2
0.11636766232444,18,0.25,2
0.0425985941150814,19,0.25,2
-0.123955766537496,20,0.25,2
0.0457614716616755,21,0.25,2
0.0985675680403099,1,0.3,2
0.0665087654083475,2,0.3,2
0.0316040785058971,3,0.3,2
0.00703653476987384,4,0.3,2
-0.156475667582522,5,0.3,2
-0.0272290798224547,6,0.3,2
0.0967174998541846,7,0.3,2
-0.0438191010050541,8,0.3,2
0.125843138217082,9,0.3,2
-0.143243702244766,10,0.3,2
-0.132894047942525,11,0.3,2
0.0233141201365568,12,0.3,2
-0.340243298090422,13,0.3,2
-0.0494209783940731,14,0.3,2
-0.0241448247946763,15,0.3,2
-0.0629782226049472,16,0.3,2
0.0620491963828604,17,0.3,2
0.0173116402114101,18,0.3,2
0.0182237194783865,19,0.3,2
-0.0896458263680717,20,0.3,2
0.0653166250657585,21,0.3,2
0.120180986914247,1,0.35,2
0.0402681328045494,2,0.35,2
0.0434181766081355,3,0.35,2
0.0012359419991574,4,0.35,2
-0.125086468329912,5,0.35,2
-0.0196387825229289,6,0.35,2
0.0895049768955978,7,0.35,2
-0.0409014736675697,8,0.35,2
0.0860136466676411,9,0.35,2
-0.138507445647768,10,0.35,2
-0.147688416675646,11,0.35,2
0.0631592326251275,12,0.35,2
-0.348246461008806,13,0.35,2
-0.0479334119118029,14,0.35,2
-0.0364707477130667,15,0.35,2
-0.0287069058851739,16,0.35,2
0.0198867129909869,17,0.35,2
-0.098555649890289,18,0.35,2
0.0164853531838267,19,0.35,2
-0.0520475858668093,20,0.35,2
0.0598341835771419,21,0.35,2
0.119653878326259,1,0.4,2
0.0198682208411032,2,0.4,2
0.069923253012094,3,0.4,2
-0.0114551766454334,4,0.4,2
-0.0794325343333186,5,0.4,2
-0.0247315309362954,6,0.4,2
0.0669722428608495,7,0.4,2
-0.0203530632067704,8,0.4,2
0.0510541268218268,9,0.4,2
-0.129844427070897,10,0.4,2
-0.152096189770573,11,0.4,2
0.0899437850898149,12,0.4,2
-0.323255384199515,13,0.4,2
-0.0473762161306614,14,0.4,2
-0.0434094290992979,15,0.4,2
-0.00827284128187848,16,0.4,2
-0.00305474797757917,17,0.4,2
-0.184860136506335,18,0.4,2
0.0377049363939965,19,0.4,2
-0.0285758477677743,20,0.4,2
0.0360590451175615,21,0.4,2
0.0956158660559524,1,0.45,2
0.0120189305280692,2,0.45,2
0.091252873116631,3,0.45,2
-0.0217053119830022,4,0.45,2
-0.043233532561583,5,0.45,2
-0.0403454660047318,6,0.45,2
0.0367364933359636,7,0.45,2
0.0145792441619197,8,0.45,2
0.032699266953696,9,0.45,2
-0.118616528011222,10,0.45,2
-0.147639596313606,11,0.45,2
0.0738672386695725,12,0.45,2
-0.291287997975378,13,0.45,2
-0.0486152404152597,14,0.45,2
-0.0559534697603575,15,0.45,2
0.0113718082719833,16,0.45,2
0.0043299359626252,17,0.45,2
-0.22513776288668,18,0.45,2
0.064930132551922,19,0.45,2
-0.0214586799416789,20,0.45,2
0.0142420285145139,21,0.45,2
0.0552767434547016,1,0.5,2
0.0111894548890246,2,0.5,2
0.0952995943271616,3,0.5,2
-0.0245759532849887,4,0.5,2
-0.0201421779043427,5,0.5,2
-0.0499607589572365,6,0.5,2
0.00401048057846994,7,0.5,2
0.041616218976229,8,0.5,2
0.0314411930954002,9,0.5,2
-0.0870955615119161,10,0.5,2
-0.144867293386435,11,0.5,2
0.0223999228249637,12,0.5,2
-0.255368592784324,13,0.5,2
-0.0421248112869717,14,0.5,2
-0.0858310592423725,15,0.5,2
0.0445452679675562,16,0.5,2
0.0252493175480723,17,0.5,2
-0.207992092003625,18,0.5,2
0.0818075363730365,19,0.5,2
-0.0251981253093429,20,0.5,2
0.0120532392701252,21,0.5,2
0.00754734975981629,1,0.55,2
0.000683872492750796,2,0.55,2
0.0774621812849321,3,0.55,2
-0.0138182383461204,4,0.55,2
0.000395142730612819,5,0.55,2
-0.0541196458906143,6,0.55,2
-0.0281137244405343,7,0.55,2
0.0615157935513875,8,0.55,2
0.041229583204493,9,0.55,2
-0.0229807400794752,10,0.55,2
-0.158308178649252,11,0.55,2
-0.0453284669054421,12,0.55,2
-0.21096254725642,13,0.55,2
-0.0171942565880777,14,0.55,2
-0.135274456115264,15,0.55,2
0.0808194956732324,16,0.55,2
0.0412805071744552,17,0.55,2
-0.153085794187779,18,0.55,2
0.0913267494867599,19,0.55,2
-0.0267911434171109,20,0.55,2
0.0287297487026595,21,0.55,2
-0.0353329095459207,1,0.6,2
-0.0218434339610924,2,0.6,2
0.0307951521979316,3,0.6,2
0.00929022702288729,4,0.6,2
0.0261941088152709,5,0.6,2
-0.0548043014041382,6,0.6,2
-0.0523240024114303,7,0.6,2
0.0830656568907761,8,0.6,2
0.0556681720806202,9,0.6,2
0.0387628835418677,10,0.6,2
-0.178910086132309,11,0.6,2
-0.114360636900276,12,0.6,2
-0.17716925005788,13,0.6,2
0.0170126357634475,14,0.6,2
-0.181936790508856,15,0.6,2
0.0847558467195162,16,0.6,2
0.0450986248521261,17,0.6,2
-0.106525949507164,18,0.6,2
0.0947950291939526,19,0.6,2
-0.0243524582216225,20,0.6,2
0.0443579794373295,21,0.6,2
-0.0658999796975854,1,0.65,2
-0.047832824822417,2,0.65,2
-0.0250674322428021,3,0.65,2
0.0302563508280206,4,0.65,2
0.0349851728412372,5,0.65,2
-0.0555522206196346,6,0.65,2
-0.0605477216891483,7,0.65,2
0.103811223700342,8,0.65,2
0.0676520627146076,9,0.65,2
0.0644162799986456,10,0.65,2
-0.179718188565793,11,0.65,2
-0.177851596529491,12,0.65,2
-0.152067204004494,13,0.65,2
0.0416669332922057,14,0.65,2
-0.182317220042439,15,0.65,2
0.0511425258130009,16,0.65,2
0.0308352032672865,17,0.65,2
-0.0896056674274079,18,0.65,2
0.087660607635478,19,0.65,2
-0.0228852772201658,20,0.65,2
0.0310909080836983,21,0.65,2
-0.0860067264004498,1,0.7,2
-0.0712176168563468,2,0.7,2
-0.055524406031779,3,0.7,2
0.0319294273038667,4,0.7,2
0.00182869836108607,5,0.7,2
-0.0592518071193286,6,0.7,2
-0.056436334241744,7,0.7,2
0.119941136640798,8,0.7,2
0.0794411001146987,9,0.7,2
0.0474256232384373,10,0.7,2
-0.15382245017486,11,0.7,2
-0.223603281435221,12,0.7,2
-0.13206041640973,13,0.7,2
0.0447865857366444,14,0.7,2
-0.140730787405697,15,0.7,2
0.0143906810056676,16,0.7,2
-0.0100868536920538,17,0.7,2
-0.103290564606834,18,0.7,2
0.0691383890419853,19,0.7,2
-0.0293004895019686,20,0.7,2
-0.00925639229084203,21,0.7,2
-0.107026312057364,1,0.75,2
-0.0966277065835475,2,0.75,2
-0.0548380930787082,3,0.75,2
0.0115836608349451,4,0.75,2
-0.0496551572067906,5,0.75,2
-0.0538184866608474,6,0.75,2
-0.0546959835866792,7,0.75,2
0.122603360258281,8,0.75,2
0.0924325161187102,9,0.75,2
0.000322261760143949,10,0.75,2
-0.111046101016255,11,0.75,2
-0.244905536482429,12,0.75,2
-0.114335037986389,13,0.75,2
0.0386215174265231,14,0.75,2
-0.0908012171446517,15,0.75,2
-0.0125576206591101,16,0.75,2
-0.0722669640913272,17,0.75,2
-0.129365143232708,18,0.75,2
0.0414117559708101,19,0.75,2
-0.044997153091511,20,0.75,2
-0.059516509536092,21,0.75,2
-0.136727766169185,1,0.8,2
-0.129792764520851,2,0.8,2
-0.0337038271131441,3,0.8,2
-0.0183392343486645,4,0.8,2
-0.0857493411762304,5,0.8,2
-0.0259485428384564,6,0.8,2
-0.0570135030342359,7,0.8,2
0.0961697577239809,8,0.8,2
0.0951685860669561,9,0.8,2
-0.0506077200580748,10,0.8,2
-0.0647014567473139,11,0.8,2
-0.25210627500376,12,0.8,2
-0.0831489783939645,13,0.8,2
0.0310401988171938,14,0.8,2
-0.0528725724170944,15,0.8,2
-0.0251956914858731,16,0.8,2
-0.131068268396099,17,0.8,2
-0.136730871510273,18,0.8,2
0.00885053791898483,19,0.8,2
-0.0581757459340552,20,0.8,2
-0.100986934831493,21,0.8,2
-0.168459792643905,1,0.85,2
-0.164239750949513,2,0.85,2
-0.00770258470735784,3,0.85,2
-0.0439897656279142,4,0.85,2
-0.0952404701247575,5,0.85,2
0.0171458256985388,6,0.85,2
-0.040114176164653,7,0.85,2
0.0462230752602711,8,0.85,2
0.0789507658802109,9,0.85,2
-0.0833078945856747,10,0.85,2
-0.0180292044577235,11,0.85,2
-0.250689301553074,12,0.85,2
-0.0320181101640321,13,0.85,2
0.0168295276213997,14,0.85,2
-0.0402265637545324,15,0.85,2
-0.0200868356084589,16,0.85,2
-0.167698509373377,17,0.85,2
-0.110464851170009,18,0.85,2
-0.0178831023790281,19,0.85,2
-0.0571175900836263,20,0.85,2
-0.116246618724484,21,0.85,2
-0.187663924145076,1,0.9,2
-0.191129815933083,2,0.9,2
0.00657253222633114,3,0.9,2
-0.0485759433064382,4,0.9,2
-0.0949886127454813,5,0.9,2
0.0489563364422167,6,0.9,2
-0.00061043325606243,7,0.9,2
-0.0023749676146001,8,0.9,2
0.0503591328770801,9,0.9,2
-0.0942932000476203,10,0.9,2
0.0262662122671126,11,0.9,2
-0.227246620809679,12,0.9,2
0.00414153293703998,13,0.9,2
-0.0129348924749542,14,0.9,2
-0.0541750675979038,15,0.9,2
-0.000103302794292298,16,0.9,2
-0.183951751119907,17,0.9,2
-0.053625723587957,18,0.9,2
-0.0245573372726736,19,0.9,2
-0.0374082272981106,20,0.9,2
-0.0973428086914404,21,0.9,2
-0.183440198038548,1,0.95,2
-0.2088334550893,2,0.95,2
0.0150250216920436,3,0.95,2
-0.0259656329332631,4,0.95,2
-0.104783796489067,5,0.95,2
0.057755634488714,6,0.95,2
0.0423853701412515,7,0.95,2
-0.0329087062160131,8,0.95,2
0.0294691754357014,9,0.95,2
-0.0898619322001353,10,0.95,2
0.0586426657335229,11,0.95,2
-0.175245811845604,12,0.95,2
0.0179027635624298,13,0.95,2
-0.0433672130421087,14,0.95,2
-0.0906917045745284,15,0.95,2
0.02719358326807,16,0.95,2
-0.194530109434546,17,0.95,2
0.0143739263319878,18,0.95,2
-0.0180890237920906,19,0.95,2
-0.00414128726958126,20,0.95,2
-0.0553127068826678,21,0.95,2
-0.161615544030754,1,1,2
-0.213261639781189,2,1,2
0.040247667920467,3,1,2
-0.0020360300621682,4,1,2
-0.12822406638047,5,1,2
0.053194012220603,6,1,2
0.0801066519940304,7,1,2
-0.0428372022299751,8,1,2
0.0310331374458039,9,1,2
-0.076019445684187,10,1,2
0.0696065997700118,11,1,2
-0.11743585853037,12,1,2
0.0150886352028211,13,1,2
-0.0391462538764623,14,1,2
-0.130905782359683,15,1,2
0.0454032682825238,16,1,2
-0.205856478787473,17,1,2
0.0628054768173264,18,1,2
-0.0155113510761328,19,1,2
0.0251770276942253,20,1,2
-0.018182869643306,21,1,2
-0.1359718947615,1,1.05,2
-0.20209931354897,2,1.05,2
0.0921416974370793,3,1.05,2
0.0053329180949242,4,1.05,2
-0.15434579500598,5,1.05,2
0.0504609191006062,6,1.05,2
0.104831770327774,7,1.05,2
-0.0274249174011516,8,1.05,2
0.0390338653677889,9,1.05,2
-0.0559430675138674,10,1.05,2
0.0582150363948762,11,1.05,2
-0.0696750519351933,12,1.05,2
0.0086210904899823,13,1.05,2
-0.000510316441586551,14,1.05,2
-0.152772497374137,15,1.05,2
0.0386556695236375,16,1.05,2
-0.19567741724651,17,1.05,2
0.0698297762664815,18,1.05,2
-0.0328564982649642,19,1.05,2
0.0368005063591692,20,1.05,2
-0.012000336539337,21,1.05,2
-0.118932181780607,1,1.1,2
-0.169622931273955,2,1.1,2
0.151775005510303,3,1.1,2
4.88928379716616e-05,4,1.1,2
-0.170390414098562,5,1.1,2
0.0572861405743656,6,1.1,2
0.106461255190535,7,1.1,2
0.00516696617804886,8,1.1,2
0.0351872487942797,9,1.1,2
-0.0294950279408646,10,1.1,2
0.0332702904212705,11,1.1,2
-0.0406237536154669,12,1.1,2
0.0125256157329593,13,1.1,2
0.0479007431517014,14,1.1,2
-0.139696324218174,15,1.1,2
0.0174811821304745,16,1.1,2
-0.136535663652007,17,1.1,2
0.0118778442240176,18,1.1,2
-0.0763241276943161,19,1.1,2
0.0201665250049396,20,1.1,2
-0.0347411399744642,21,1.1,2
-0.11210365010683,1,1.15,2
-0.113162509066233,2,1.15,2
0.184064145767155,3,1.15,2
-0.00405746703391576,4,1.15,2
-0.1734031053801,5,1.15,2
0.0700375567848831,6,1.15,2
0.0865018951447661,7,1.15,2
0.0327887465043789,8,1.15,2
0.0175090395029012,9,1.15,2
0.00492814641544045,10,1.15,2
0.00946480690041442,11,1.15,2
-0.0350253688486414,12,1.15,2
0.0223377355663266,13,1.15,2
0.0894832036394208,14,1.15,2
-0.0851403759748407,15,1.15,2
-0.00240364678964116,16,1.15,2
-0.0480246136385549,17,1.15,2
-0.0909580833056859,18,1.15,2
-0.13000102511322,19,1.15,2
-0.0275280557036585,20,1.15,2
-0.0602487516489656,21,1.15,2
-0.102621017624124,1,1.2,2
-0.0510437495681218,2,1.2,2
0.161486419725793,3,1.2,2
0.00148687787086718,4,1.2,2
-0.171752923181601,5,1.2,2
0.0719492686765842,6,1.2,2
0.0471302844781816,7,1.2,2
0.0533392239608202,8,1.2,2
-0.00691115143311599,9,1.2,2
0.0348932326122642,10,1.2,2
-0.00561622967155126,11,1.2,2
-0.0516320289263326,12,1.2,2
0.0162354097505832,13,1.2,2
0.116307327332175,14,1.2,2
-0.0108788059225391,15,1.2,2
-0.0129828353746088,16,1.2,2
0.0375803568576472,17,1.2,2
-0.172689165464989,18,1.2,2
-0.164810021842794,19,1.2,2
-0.0862968639054514,20,1.2,2
-0.0650455316858847,21,1.2,2
-0.0715803507962211,1,1.25,2
-0.00546328545609892,2,1.25,2
0.0887204382004108,3,1.25,2
0.0128616093282645,4,1.25,2
-0.167933907439011,5,1.25,2
0.0653178121562822,6,1.25,2
-0.0121325810806808,7,1.25,2
0.0824960035667964,8,1.25,2
-0.0210617524479076,9,1.25,2
0.0470187259819716,10,1.25,2
-0.00994959330851059,11,1.25,2
-0.0810394014340883,12,1.25,2
-0.00667243929942776,13,1.25,2
0.117999256634899,14,1.25,2
0.0353122404163649,15,1.25,2
-0.0169713614878329,16,1.25,2
0.0838453243671447,17,1.25,2
-0.206757621838841,18,1.25,2
-0.162016542189652,19,1.25,2
-0.125087469301256,20,1.25,2
-0.0448455459750485,21,1.25,2
-0.0130399664179706,1,1.3,2
0.00605321115307263,2,1.3,2
0.00632551895829177,3,1.3,2
0.0191563508929237,4,1.3,2
-0.146819548721184,5,1.3,2
0.058772597777416,6,1.3,2
-0.0834281570802126,7,1.3,2
0.110628314729084,8,1.3,2
-0.0183155135857693,9,1.3,2
0.0478503654780656,10,1.3,2
-0.00836682876599071,11,1.3,2
-0.112926269433022,12,1.3,2
-0.0316554767325962,13,1.3,2
0.0892733956221543,14,1.3,2
0.0446504680549044,15,1.3,2
-0.0112831092454134,16,1.3,2
0.080097247899549,17,1.3,2
-0.20285179350544,18,1.3,2
-0.132101386638201,19,1.3,2
-0.126462558304982,20,1.3,2
-0.0260604911649654,21,1.3,2
0.0649080181766108,1,1.35,2
-0.0208108371925101,2,1.35,2
-0.0503809391810079,3,1.35,2
0.0128741447035672,4,1.35,2
-0.10141546808788,5,1.35,2
0.0491080638271999,6,1.35,2
-0.133281128812723,7,1.35,2
0.12052594313015,8,1.35,2
-0.00887222285601021,9,1.35,2
0.0526260018319143,10,1.35,2
0.000909957369766326,11,1.35,2
-0.13533780724179,12,1.35,2
-0.0624490400971874,13,1.35,2
0.0427891653550025,14,1.35,2
0.0458126416873425,15,1.35,2
0.0115483384781075,16,1.35,2
0.0369832256670714,17,1.35,2
-0.178648406373641,18,1.35,2
-0.100241795915794,19,1.35,2
-0.0956075900434324,20,1.35,2
-0.0344019877739332,21,1.35,2
0.158023505048244,1,1.4,2
-0.0632417502354541,2,1.4,2
-0.0775914187413409,3,1.4,2
-0.000147795894681985,4,1.4,2
-0.0526968866361975,5,1.4,2
0.0274183804275947,6,1.4,2
-0.133144381702529,7,1.4,2
0.115348561291138,8,1.4,2
-0.00131365394723307,9,1.4,2
0.0711308116128003,10,1.4,2
0.0219405488382919,11,1.4,2
-0.134193768844307,12,1.4,2
-0.0974887648781604,13,1.4,2
0.00971904848405198,14,1.4,2
0.0517107760863252,15,1.4,2
0.0419134165340528,16,1.4,2
-0.0261708491665748,17,1.4,2
-0.148929694851798,18,1.4,2
-0.0814791350674435,19,1.4,2
-0.0464538602454963,20,1.4,2
-0.0635747254010068,21,1.4,2
0.240011835436716,1,1.45,2
-0.089992370357484,2,1.45,2
-0.0757747929792252,3,1.45,2
0.00135814494219209,4,1.45,2
-0.0160061844659611,5,1.45,2
-0.0110088903030726,6,1.45,2
-0.0958679116918706,7,1.45,2
0.104948639320819,8,1.45,2
0.0067353979492994,9,1.45,2
0.103201812194291,10,1.45,2
0.0502029278399878,11,1.45,2
-0.10416022886911,12,1.45,2
-0.12885551757333,13,1.45,2
0.0183054726311721,14,1.45,2
0.0534808864233448,15,1.45,2
0.0661651492720353,16,1.45,2
-0.0715090553067398,17,1.45,2
-0.121759497714485,18,1.45,2
-0.0812579719971222,19,1.45,2
-0.00561004973017383,20,1.45,2
-0.0833102945254327,21,1.45,2
0.274250450483127,1,1.5,2
-0.0907786739681301,2,1.5,2
-0.0506088195167613,3,1.5,2
0.032470260405239,4,1.5,2
-0.000656025708080022,5,1.5,2
-0.0452682007020473,6,1.5,2
-0.0498680947543623,7,1.5,2
0.0915825287192291,8,1.5,2
0.0154430106410837,9,1.5,2
0.141397353460597,10,1.5,2
0.0726853518003624,11,1.5,2
-0.0741352213282429,12,1.5,2
-0.143123881051203,13,1.5,2
0.0657665070976637,14,1.5,2
0.0446912005294443,15,1.5,2
0.0759379625022145,16,1.5,2
-0.0840747548959906,17,1.5,2
-0.0801048570801141,18,1.5,2
-0.0818746193003711,19,1.5,2
-5.74591069858922e-05,20,1.5,2
-0.0699413065023711,21,1.5,2
0.261308526692052,1,1.55,2
-0.0825747234304466,2,1.55,2
-0.0211566949922884,3,1.55,2
0.0769591792802337,4,1.55,2
0.00601167530562229,5,1.55,2
-0.0476285881994106,6,1.55,2
-0.0138841818319405,7,1.55,2
0.0776071778464242,8,1.55,2
0.025334714946436,9,1.55,2
0.162474305411031,10,1.55,2
0.0967437957707376,11,1.55,2
-0.0706591137718005,12,1.55,2
-0.137580090903456,13,1.55,2
0.126913165626325,14,1.55,2
0.0398863566531637,15,1.55,2
0.0696517469321317,16,1.55,2
-0.081994648285405,17,1.55,2
-0.0208278538942477,18,1.55,2
-0.0703521844332195,19,1.55,2
-0.0283609079925043,20,1.55,2
-0.027667176051059,21,1.55,2
0.217491745290542,1,1.6,2
-0.0756222366726063,2,1.6,2
-0.00689511449661237,3,1.6,2
0.0977983779100216,4,1.6,2
0.0157576030845437,5,1.6,2
-0.0182895835674789,6,1.6,2
0.00885510265950533,7,1.6,2
0.0701529299489758,8,1.6,2
0.0357560622376045,9,1.6,2
0.149310373052779,10,1.6,2
0.127732071450917,11,1.6,2
-0.0938817408541222,12,1.6,2
-0.128919911010967,13,1.6,2
0.183642529133066,14,1.6,2
0.0546694514078081,15,1.6,2
0.0557197064469176,16,1.6,2
-0.0878517137743507,17,1.6,2
0.0443616125249083,18,1.6,2
-0.0490722529029954,19,1.6,2
-0.0556963791620639,20,1.6,2
0.0118188688246724,21,1.6,2
0.155839232850637,1,1.65,2
-0.0728994591372606,2,1.65,2
-0.0021017863290013,3,1.65,2
0.0720634254149372,4,1.65,2
0.0312696723258947,5,1.65,2
0.0202354555046104,6,1.65,2
0.021781942124048,7,1.65,2
0.0735645731032258,8,1.65,2
0.0471495216921974,9,1.65,2
0.112914227690264,10,1.65,2
0.155798272767601,11,1.65,2
-0.119440973547847,12,1.65,2
-0.115856966678668,13,1.65,2
0.207482335721671,14,1.65,2
0.0778450908051788,15,1.65,2
0.0397096146892984,16,1.65,2
-0.103925438392275,17,1.65,2
0.105021853555537,18,1.65,2
-0.0164712616010272,19,1.65,2
-0.0645105214746748,20,1.65,2
0.0148299323815486,21,1.65,2
0.0976254868918036,1,1.7,2
-0.0714971015220671,2,1.7,2
0.00145096164173765,3,1.7,2
0.0135749115151673,4,1.7,2
0.0432404058632775,5,1.7,2
0.0328178603964097,6,1.7,2
0.0366819067118887,7,1.7,2
0.09302290421758,8,1.7,2
0.060870140387067,9,1.7,2
0.0686093100624314,10,1.7,2
0.169451228850347,11,1.7,2
-0.117859855632549,12,1.7,2
-0.099959110438531,13,1.7,2
0.183958190028293,14,1.7,2
0.0884349318600928,15,1.7,2
0.0186382338995096,16,1.7,2
-0.109452267530674,17,1.7,2
0.152212064242313,18,1.7,2
0.00803769956149246,19,1.7,2
-0.058114072332545,20,1.7,2
-0.0131365017856246,21,1.7,2
0.0576607287436548,1,1.75,2
-0.0655250039447835,2,1.75,2
0.00820806258672568,3,1.75,2
-0.0360556040444638,4,1.75,2
0.0436577334576368,5,1.75,2
0.00475264910779684,6,1.75,2
0.064313209663495,7,1.75,2
0.118086392288286,8,1.75,2
0.064600413401734,9,1.75,2
0.0268141625126564,10,1.75,2
0.164981170764201,11,1.75,2
-0.0837307524822028,12,1.75,2
-0.081284059203262,13,1.75,2
0.138335764723074,14,1.75,2
0.0834562533874978,15,1.75,2
-0.0167075875960153,16,1.75,2
-0.096233323058122,17,1.75,2
0.179644542114807,18,1.75,2
0.00789798381571893,19,1.75,2
-0.0437026787126579,20,1.75,2
-0.0392005796919098,21,1.75,2
0.0324248805989619,1,1.8,2
-0.0608206193645871,2,1.8,2
0.0246096485425105,3,1.8,2
-0.05663868966437,4,1.8,2
0.0475622457077917,5,1.8,2
-0.0386506438911886,6,1.8,2
0.109398147760304,7,1.8,2
0.121670393006985,8,1.8,2
0.0573908816302304,9,1.8,2
-0.00269319786079381,10,1.8,2
0.14562573506724,11,1.8,2
-0.0217703421354973,12,1.8,2
-0.049093467080868,13,1.8,2
0.0830520780430997,14,1.8,2
0.0752045742182727,15,1.8,2
-0.069591146802251,16,1.8,2
-0.0720395231012627,17,1.8,2
0.180252004353415,18,1.8,2
-0.00365052676689536,19,1.8,2
-0.0239517795538195,20,1.8,2
-0.0369786655036041,21,1.8,2
0.00880403892534916,1,1.85,2
-0.0539178363435422,2,1.85,2
0.0497034753282853,3,1.85,2
-0.050796183616069,4,1.85,2
0.0787870092312227,5,1.85,2
-0.0620734814799295,6,1.85,2
0.170400200788807,7,1.85,2
0.112013757431904,8,1.85,2
0.0500789465981301,9,1.85,2
-0.0133166030483341,10,1.85,2
0.122257925245311,11,1.85,2
0.046330375809503,12,1.85,2
-0.00203958594273514,13,1.85,2
0.025909690858759,14,1.85,2
0.0695531707869776,15,1.85,2
-0.120841424271492,16,1.85,2
-0.0509491046424385,17,1.85,2
0.159541231150311,18,1.85,2
-0.00489574606370208,19,1.85,2
-0.00327125677645544,20,1.85,2
-0.00935078088471588,21,1.85,2
-0.021248636312479,1,1.9,2
-0.0395075399018824,2,1.9,2
0.0762656450081882,3,1.9,2
-0.0298521359415117,4,1.9,2
0.133310487516725,5,1.9,2
-0.0520610877706199,6,1.9,2
0.233154685131211,7,1.9,2
0.113834073755324,8,1.9,2
0.0433057472183696,9,1.9,2
0.000818487854475371,10,1.9,2
0.11074761224993,11,1.9,2
0.0876021894713167,12,1.9,2
0.0359039525412963,13,1.9,2
-0.0173824804614171,14,1.9,2
0.0522823397594197,15,1.9,2
-0.151763444202664,16,1.9,2
-0.0496401950595416,17,1.9,2
0.125840952202718,18,1.9,2
-0.000983385965054245,19,1.9,2
0.00865009899826159,20,1.9,2
0.00905551470388556,21,1.9,2
-0.0465107113092824,1,1.95,2
-0.0165580255064203,2,1.95,2
0.110449098235785,3,1.95,2
-0.0155797797432929,4,1.95,2
0.171172883296774,5,1.95,2
-0.0266134028206446,6,1.95,2
0.26981363502967,7,1.95,2
0.113182670439231,8,1.95,2
0.0267337625752354,9,1.95,2
0.0323422054972678,10,1.95,2
0.112665005899602,11,1.95,2
0.0979535156278063,12,1.95,2
0.0403314443455975,13,1.95,2
-0.03889012349914,14,1.95,2
0.0061424628972847,15,1.95,2
-0.163019369448307,16,1.95,2
-0.0619364561220669,17,1.95,2
0.0846934684797245,18,1.95,2
-0.00602930124939579,19,1.95,2
0.0149771027444629,20,1.95,2
-0.00828301711384359,21,1.95,2
-0.0490827353300511,1,2,2
-3.57177120603393e-05,2,2,2
0.151839517086214,3,2,2
-0.0218844554656335,4,2,2
0.159571099781304,5,2,2
-0.0137705590216672,6,2,2
0.265436159652292,7,2,2
0.0915980882830354,8,2,2
-0.00398615024777427,9,2,2
0.0694580171014764,10,2,2
0.122910974490949,11,2,2
0.0899981669629965,12,2,2
0.0188376202824406,13,2,2
-0.0450040001707142,14,2,2
-0.0606731645184436,15,2,2
-0.159362529091765,16,2,2
-0.0754438541763901,17,2,2
0.0407569896239971,18,2,2
-0.0230403271062926,19,2,2
0.0200641620671536,20,2,2
-0.0443858541357821,21,2,2
-0.0287740562802461,1,2.05,2
-0.00589070228652931,2,2.05,2
0.182249281909161,3,2.05,2
-0.0470427542569525,4,2.05,2
0.113514589262253,5,2.05,2
-0.030890065261018,6,2.05,2
0.218449286316624,7,2.05,2
0.0569145694015683,8,2.05,2
-0.0400663412362618,9,2.05,2
0.104838959408178,10,2.05,2
0.137851643503585,11,2.05,2
0.0840425490460794,12,2.05,2
-0.00570452001971695,13,2.05,2
-0.0426032258565681,14,2.05,2
-0.110497496463428,15,2.05,2
-0.138942029450502,16,2.05,2
-0.0844230770931461,17,2.05,2
0.0108349867130541,18,2.05,2
-0.0316328871931723,19,2.05,2
0.0154829955581272,20,2.05,2
-0.0693494457895465,21,2.05,2
0.00676390605483228,1,2.1,2
-0.0308405614648774,2,2.1,2
0.185285553846495,3,2.1,2
-0.0802725077933364,4,2.1,2
0.0671329776346141,5,2.1,2
-0.0681362810701887,6,2.1,2
0.144037491218308,7,2.1,2
0.0381434981876584,8,2.1,2
-0.0722707835634364,9,2.1,2
0.129194307429338,10,2.1,2
0.143780236537479,11,2.1,2
0.0968373254987556,12,2.1,2
-0.00933116541994669,13,2.1,2
-0.0334062938470101,14,2.1,2
-0.132007035103687,15,2.1,2
-0.106271515997578,16,2.1,2
-0.0900380069826989,17,2.1,2
0.00454849413964284,18,2.1,2
-0.020055065682645,19,2.1,2
0.00536167102000822,20,2.1,2
-0.0694527911864961,21,2.1,2
0.038094257334473,1,2.15,2
-0.0544688755985866,2,2.15,2
0.173515665505535,3,2.15,2
-0.105989429049735,4,2.15,2
0.0434920884575535,5,2.15,2
-0.0962504125184805,6,2.15,2
0.0753008087335314,7,2.15,2
0.0398801923306806,8,2.15,2
-0.0884021299213546,9,2.15,2
0.131052071156094,10,2.15,2
0.121174917312104,11,2.15,2
0.127254705719635,12,2.15,2
0.0126534412078247,13,2.15,2
-0.0150117722462874,14,2.15,2
-0.132702556982912,15,2.15,2
-0.0728156408420299,16,2.15,2
-0.089208937262274,17,2.15,2
0.0173349945727848,18,2.15,2
0.00316947570634342,19,2.15,2
0.00424896314919217,20,2.15,2
-0.0535674716644696,21,2.15,2
0.0398821814018523,1,2.2,2
-0.0624857293060328,2,2.2,2
0.171863449151968,3,2.2,2
-0.116041045531626,4,2.2,2
0.0360773721222651,5,2.2,2
-0.101073753514603,6,2.2,2
0.03502897213096,7,2.2,2
0.0489380464444653,8,2.2,2
-0.0798390892286166,9,2.2,2
0.104875815162076,10,2.2,2
0.0640779473152132,11,2.2,2
0.158495358827324,12,2.2,2
0.035728044941085,13,2.2,2
0.00852330097407345,14,2.2,2
-0.121797229112553,15,2.2,2
-0.04092276280032,16,2.2,2
-0.0777155070538628,17,2.2,2
0.0385490786096155,18,2.2,2
0.0167432715223474,19,2.2,2
0.0189840397055142,20,2.2,2
-0.0293417674352978,21,2.2,2
0.0111029786208015,1,2.25,2
-0.0537735428896691,2,2.25,2
0.182529521126207,3,2.25,2
-0.108945663360013,4,2.25,2
0.0305063969244361,5,2.25,2
-0.0984929073334689,6,2.25,2
0.0261584905126836,7,2.25,2
0.0512383524284623,8,2.25,2
-0.0522079746366317,9,2.25,2
0.060461708258702,10,2.25,2
-0.00819376527037591,11,2.25,2
0.189076583290202,12,2.25,2
0.0495032565429653,13,2.25,2
0.0227920780613112,14,2.25,2
-0.111375456208936,15,2.25,2
-0.000434650668301922,16,2.25,2
-0.0654403490857321,17,2.25,2
0.0589285680540223,18,2.25,2
0.0185474809904971,19,2.25,2
0.0590656606462744,20,2.25,2
0.00412924221427994,21,2.25,2
-0.0242784544605022,1,2.3,2
-0.0419591541139413,2,2.3,2
0.184587968377724,3,2.3,2
-0.0881936933419379,4,2.3,2
0.0320075061272135,5,2.3,2
-0.102915267473214,6,2.3,2
0.0444710669910218,7,2.3,2
0.0384832026152887,8,2.3,2
-0.0244448840039407,9,2.3,2
0.00952772971208077,10,2.3,2
-0.057740119718885,11,2.3,2
0.223550001201966,12,2.3,2
0.0602733972856209,13,2.3,2
0.0196531734511945,14,2.3,2
-0.113223989857853,15,2.3,2
0.0489484363036608,16,2.3,2
-0.064537694631178,17,2.3,2
0.069980368833546,18,2.3,2
0.0236040558756766,19,2.3,2
0.104511919619713,20,2.3,2
0.0390235193178477,21,2.3,2
-0.0404434104186801,1,2.35,2
-0.0412174381031907,2,2.35,2
0.157965132754884,3,2.35,2
-0.063393350038568,4,2.35,2
0.0487764441325648,5,2.35,2
-0.109348254540499,6,2.35,2
0.0734386898956782,7,2.35,2
0.0180666464561907,8,2.35,2
-0.0119058142804178,9,2.35,2
-0.0426044155405409,10,2.35,2
-0.0636800983833938,11,2.35,2
0.251523358537068,12,2.35,2
0.0699786062154122,13,2.35,2
-0.000866194245998636,14,2.35,2
-0.124343893091186,15,2.35,2
0.0939430613274357,16,2.35,2
-0.0744277638099666,17,2.35,2
0.0826712643605599,18,2.35,2
0.033532268031469,19,2.35,2
0.119523369616015,20,2.35,2
0.0550416195566785,21,2.35,2
-0.0317624142451922,1,2.4,2
-0.0539524244397559,2,2.4,2
0.101955396433589,3,2.4,2
-0.0496528817120967,4,2.4,2
0.0794211626684649,5,2.4,2
-0.101316471276074,6,2.4,2
0.0850375603167153,7,2.4,2
0.00484204662560727,8,2.4,2
-0.0219920678414136,9,2.4,2
-0.0803290157536689,10,2.4,2
-0.0326096773586591,11,2.4,2
0.258217345846854,12,2.4,2
0.0732553539634795,13,2.4,2
-0.0222543656957928,14,2.4,2
-0.132129029236394,15,2.4,2
0.120684793464268,16,2.4,2
-0.0837507727861004,17,2.4,2
0.106620132407038,18,2.4,2
0.0315045229653154,19,2.4,2
0.106803809603034,20,2.4,2
0.0382978813244482,21,2.4,2
0.000767853420624721,1,2.45,2
-0.0691330840864885,2,2.45,2
0.0419119868842592,3,2.45,2
-0.05246940513343,4,2.45,2
0.118258876440309,5,2.45,2
-0.0678597224691934,6,2.45,2
0.0667372374197342,7,2.45,2
0.00310530772698169,8,2.45,2
-0.0493685644835171,9,2.45,2
-0.0927807648878794,10,2.45,2
0.0109460348065492,11,2.45,2
0.240574900858594,12,2.45,2
0.0650459243488039,13,2.45,2
-0.0273679404571622,14,2.45,2
-0.122598937530727,15,2.45,2
0.118596833684196,16,2.45,2
-0.0838782024938397,17,2.45,2
0.136596652078419,18,2.45,2
0.00805604355116331,19,2.45,2
0.0728369157911172,20,2.45,2
0.00704873057560827,21,2.45,2
0.0460258468922422,1,2.5,2
-0.0743110043963543,2,2.5,2
0.0139399211004225,3,2.5,2
-0.0693628365822433,4,2.5,2
0.149808062580723,5,2.5,2
-0.013977207686004,6,2.5,2
0.0257871521106936,7,2.5,2
0.0031694803366961,8,2.5,2
-0.0818794668588886,9,2.5,2
-0.0809576973791038,10,2.5,2
0.0357889805805794,11,2.5,2
0.206398724814225,12,2.5,2
0.0480867275492265,13,2.5,2
-0.0111126195562266,14,2.5,2
-0.0989808763514249,15,2.5,2
0.0879429650297223,16,2.5,2
-0.0832377445474085,17,2.5,2
0.162011941764075,18,2.5,2
-0.0245654929075422,19,2.5,2
0.0218148902960786,20,2.5,2
-0.0172846081669895,21,2.5,2
0.0823616382372525,1,2.55,2
-0.0667075414079099,2,2.55,2
0.0339621372254293,3,2.55,2
-0.0915984551464616,4,2.55,2
0.162943726604612,5,2.55,2
0.0377698235373043,6,2.55,2
-0.0109287029877939,7,2.55,2
-0.0137294093226574,8,2.55,2
-0.110221705755944,9,2.55,2
-0.0599556172057003,10,2.55,2
0.0389317329053833,11,2.55,2
0.169371783378497,12,2.55,2
0.0289101982321012,13,2.55,2
0.0212882820821857,14,2.55,2
-0.0694550343323208,15,2.55,2
0.0456353210716799,16,2.55,2
-0.0988568752144904,17,2.55,2
0.177427843505348,18,2.55,2
-0.0405657424496745,19,2.55,2
-0.0269016520926461,20,2.55,2
-0.0410466156681181,21,2.55,2
0.109163418876372,1,2.6,2
-0.0582388255111274,2,2.6,2
0.0807962244964473,3,2.6,2
-0.10900691050692,4,2.6,2
0.163240973375318,5,2.6,2
0.0753498088084992,6,2.6,2
-0.014400653460031,7,2.6,2
-0.0480557961078531,8,2.6,2
-0.12610539968095,9,2.6,2
-0.0496438856620703,10,2.6,2
0.03978461530143,11,2.6,2
0.137969538177525,12,2.6,2
0.0117994938747386,13,2.6,2
0.0564747429903216,14,2.6,2
-0.0443563626342897,15,2.6,2
0.00756388565278031,16,2.6,2
-0.133786848690644,17,2.6,2
0.174224108230403,18,2.6,2
-0.0311037356943372,19,2.6,2
-0.0509726680340224,20,2.6,2
-0.0723174852797602,21,2.6,2
0.120271625245843,1,2.65,2
-0.0526965481169137,2,2.65,2
0.126539200482411,3,2.65,2
-0.108326225057702,4,2.65,2
0.154161266968776,5,2.65,2
0.0980440766640735,6,2.65,2
0.0126835576122174,7,2.65,2
-0.0745379732143617,8,2.65,2
-0.114355498109033,9,2.65,2
-0.0528721186722146,10,2.65,2
0.0545926536321806,11,2.65,2
0.113574576286413,12,2.65,2
0.000127916528243396,13,2.65,2
0.076748435437192,14,2.65,2
-0.0331023237694171,15,2.65,2
-0.0187730035854837,16,2.65,2
-0.165811030653104,17,2.65,2
0.137560931088431,18,2.65,2
-0.00766249736236492,19,2.65,2
-0.0530743961643111,20,2.65,2
-0.101187949232448,21,2.65,2
0.097452238413194,1,2.7,2
-0.0453487777349803,2,2.7,2
0.155025403579271,3,2.7,2
-0.082934401142395,4,2.7,2
0.133811148644923,5,2.7,2
0.103132112102913,6,2.7,2
0.0412913970423694,7,2.7,2
-0.0743153568252859,8,2.7,2
-0.0756575724880982,9,2.7,2
-0.0582436123557865,10,2.7,2
0.0753557627493481,11,2.7,2
0.0892703733427377,12,2.7,2
-0.00522373331453706,13,2.7,2
0.0663500842123285,14,2.7,2
-0.025659458345856,15,2.7,2
-0.0363258700874827,16,2.7,2
-0.158341724656091,17,2.7,2
0.0729929105009801,18,2.7,2
0.000512683535686152,19,2.7,2
-0.0496243580259068,20,2.7,2
-0.117776488982821,21,2.7,2
0.0267084840541156,1,2.75,2
-0.0354885588330419,2,2.75,2
0.159242800184663,3,2.75,2
-0.0323260772976441,4,2.75,2
0.102052915757262,5,2.75,2
0.0963530648310455,6,2.75,2
0.0517322098556532,7,2.75,2
-0.0538227177995942,8,2.75,2
-0.0314150824233811,9,2.75,2
-0.0544884445531201,10,2.75,2
0.086319795107926,11,2.75,2
0.0587343837504119,12,2.75,2
-0.00487199280087561,13,2.75,2
0.0294901222588429,14,2.75,2
-0.0104395436850272,15,2.75,2
-0.047241650909327,16,2.75,2
-0.1113080772578,17,2.75,2
0.0241581436384049,18,2.75,2
-0.0268712701916926,19,2.75,2
-0.0433113129129698,20,2.75,2
-0.124982106042297,21,2.75,2
-0.0617411593903083,1,2.8,2
-0.0332726864937937,2,2.8,2
0.152620138245742,3,2.8,2
0.03333291069831,4,2.8,2
0.060098908280432,5,2.8,2
0.0871212499345496,6,2.8,2
0.0509693899287053,7,2.8,2
-0.0298703343448132,8,2.8,2
0.00100179268274278,9,2.8,2
-0.041369378996622,10,2.8,2
0.0908378343381846,11,2.8,2
0.0256955072836242,12,2.8,2
0.00293350096305743,13,2.8,2
0.00592456569197353,14,2.8,2
0.0112278774271425,15,2.8,2
-0.0563726204400749,16,2.8,2
-0.0540147784176327,17,2.8,2
0.0167123468889623,18,2.8,2
-0.0753430468793221,19,2.8,2
-0.0264613064920714,20,2.8,2
-0.122930943845837,21,2.8,2
-0.120675732914159,1,2.85,2
-0.039145421374255,2,2.85,2
0.145737638757835,3,2.85,2
0.0893155471661246,4,2.85,2
0.0193925459591852,5,2.85,2
0.075974282448576,6,2.85,2
0.0528829610447994,7,2.85,2
-0.00505407958286226,8,2.85,2
0.0226315893291746,9,2.85,2
-0.0262999168880342,10,2.85,2
0.097421643894804,11,2.85,2
0.00521235508621479,12,2.85,2
0.0152438541866691,13,2.85,2
0.0102960494398393,14,2.85,2
0.0276175847856804,15,2.85,2
-0.0604651536685708,16,2.85,2
-0.0192992757490196,17,2.85,2
0.047451973118526,18,2.85,2
-0.109054914359541,19,2.85,2
-0.00794538526150742,20,2.85,2
-0.0926092943678208,21,2.85,2
-0.12929667530888,1,2.9,2
-0.0429133863746946,2,2.9,2
0.132149173799542,3,2.9,2
0.118663533293814,4,2.9,2
-0.00874434571090466,5,2.9,2
0.0643921665998548,6,2.9,2
0.0529952304795456,7,2.9,2
0.0182414805217165,8,2.9,2
0.0383888884399132,9,2.9,2
-0.0150117901955477,10,2.9,2
0.100768740102509,11,2.9,2
0.00409247193754661,12,2.9,2
0.0184665462746831,13,2.9,2
0.0279948561806169,14,2.9,2
0.0207589279035467,15,2.9,2
-0.0541764367097217,16,2.9,2
-0.0145896136593343,17,2.9,2
0.104280710507129,18,2.9,2
-0.114037042865005,19,2.9,2
-0.00780418792375174,20,2.9,2
-0.0385845698902426,21,2.9,2
-0.101499669684679,1,2.95,2
-0.0397183724324132,2,2.95,2
0.110235614730887,3,2.95,2
0.126879129796399,4,2.95,2
-0.0233035050237341,5,2.95,2
0.0538888743247046,6,2.95,2
0.0469777442233948,7,2.95,2
0.0316326849439176,8,2.95,2
0.0530970874096703,9,2.95,2
-0.0080427635317273,10,2.95,2
0.0891358218116893,11,2.95,2
0.0131659078474416,12,2.95,2
0.0118644680900766,13,2.95,2
0.0505337301640128,14,2.95,2
-0.00692517595180709,15,2.95,2
-0.039250711636033,16,2.95,2
-0.0253771276499647,17,2.95,2
0.159473088721341,18,2.95,2
-0.0997203832266534,19,2.95,2
-0.0212943945530295,20,2.95,2
-0.00483559407286504,21,2.95,2
-0.0804406066394513,1,3,2
-0.0324920458221189,2,3,2
0.0922411133865411,3,3,2
0.126307136584851,4,3,2
-0.029746747129261,5,3,2
0.0473715925803107,6,3,2
0.0393303633245636,7,3,2
0.0360372413482266,8,3,2
0.0634983414622147,9,3,2
-0.00349095754949753,10,3,2
0.0737359860536079,11,3,2
0.0205722531800955,12,3,2
0.0053741106425854,13,3,2
0.0684435077506164,14,3,2
-0.0293738964466368,15,3,2
-0.0278012749633411,16,3,2
-0.0346408861901748,17,3,2
0.187924049573061,18,3,2
-0.08691225215239,19,3,2
-0.031046048660385,20,3,2
0.00680223570287721,21,3,2
