0.0058645,-0.0069246,-0.029157,-0.056214,-0.080847,-0.093473,-0.096902,-0.099576,-0.10769,-0.12507,-0.15206,-0.18388,-0.21455,-0.23406,-0.23383,-0.20559,-0.15486,-0.09869,-0.0509,-0.018445,-0.00038898,0.012929,0.034183,0.071129,0.10966,0.1311,0.12992,0.10878,0.079571,0.061494,0.060303,0.065135,0.059869,0.042499,0.02175,0.0098414,0.0069083,0.0013603,-0.0139,-0.027687,-0.03329,-0.034627,-0.042914,-0.070457,-0.11591,-0.16055,-0.18927,-0.20172,-0.20927,-0.22543,-0.26195,-0.3134,-0.35645,-0.37039,-0.35428,-0.32772,-0.31386,-0.31577,-0.31966,-0.31691,-0.31207,0.29093,0.3571,0.44795,0.51419,0.518,0.45032,0.35525,0.2964,0.29969,0.34534,0.38495,0.38421,0.35048,0.31417,0.289,0.27121,0.26107,0.25601,0.24089,0.21516,0.20316,0.24128,0.34983,0.49405,0.60273,0.62344,0.55455,0.43658,0.32327,0.25733,0.25385,0.29482,0.3559,0.43309,0.52765,0.6119,0.64339,0.62042,0.58226,0.5486,0.50818,0.44913,0.37493,0.29497,0.22794,0.20131,0.21122,0.2307,0.22569,0.18747,0.13352,0.10863,0.16532,0.28733,0.38561,0.39196,0.31017,0.19479,0.089979,0.024207,-0.001299
0.79502,0.79007,0.72615,0.58545,0.4218,0.29902,0.23688,0.21459,0.19577,0.16626,0.1338,0.10496,0.080435,0.063838,0.059951,0.064039,0.064883,0.069606,0.08778,0.12122,0.15608,0.16517,0.13318,0.07171,0.0090509,-0.040731,-0.088621,-0.13753,-0.17816,-0.19454,-0.18622,-0.16709,-0.14805,-0.12919,-0.10924,-0.09194,-0.079534,-0.067855,-0.055029,-0.040892,-0.028461,-0.019483,-0.018924,-0.029329,-0.049806,-0.076681,-0.10378,-0.12605,-0.1414,-0.14915,-0.15432,-0.16041,-0.17117,-0.18218,-0.18537,-0.176,-0.1564,-0.13435,-0.11525,-0.10043,-0.092562,0.0047936,0.0016485,-0.0086068,-0.032318,-0.071319,-0.11555,-0.14411,-0.1378,-0.098191,-0.049859,-0.013688,0.0072476,0.016907,0.010823,-0.017748,-0.065191,-0.11716,-0.15952,-0.18563,-0.19939,-0.20676,-0.21642,-0.23034,-0.24254,-0.24105,-0.22137,-0.1881,-0.15854,-0.14876,-0.1594,-0.17608,-0.1862,-0.18395,-0.17164,-0.15448,-0.14005,-0.12866,-0.11618,-0.099574,-0.084582,-0.083235,-0.099733,-0.12564,-0.14878,-0.16526,-0.18067,-0.2008,-0.22517,-0.24926,-0.27287,-0.2965,-0.31601,-0.32784,-0.33187,-0.32964,-0.32483,-0.33041,-0.35867,-0.40462,-0.44926,-0.47481
0.15006,0.13643,0.12669,0.13153,0.15138,0.17902,0.19926,0.19521,0.15879,0.10855,0.078127,0.09411,0.15358,0.22632,0.27471,0.27243,0.21634,0.13513,0.069715,0.041196,0.036075,0.026888,0.0062458,0.0034266,0.038886,0.095214,0.13225,0.11563,0.037512,-0.075505,-0.16884,-0.19676,-0.1606,-0.092593,-0.024384,0.020582,0.023537,-0.012466,-0.052821,-0.067101,-0.062472,-0.061394,-0.077187,-0.11215,-0.15011,-0.16682,-0.15422,-0.12988,-0.1149,-0.10938,-0.096693,-0.064863,-0.03701,-0.039816,-0.069541,-0.099501,-0.10876,-0.087433,-0.039449,0.011553,0.040266,0.16562,0.13314,0.10354,0.11089,0.16062,0.21164,0.22768,0.21044,0.17516,0.13299,0.087352,0.048414,0.014711,-0.026499,-0.070214,-0.09943,-0.093699,-0.053944,-0.0066136,0.040685,0.10669,0.17605,0.18041,0.083504,-0.056847,-0.15673,-0.17884,-0.14625,-0.10904,-0.1011,-0.11017,-0.10827,-0.082343,-0.044657,-0.015467,-0.007004,-0.0079493,-0.0010206,0.010538,0.001765,-0.043424,-0.10211,-0.12294,-0.081096,0.00067755,0.060787,0.050771,-0.026168,-0.12507,-0.20458,-0.2596,-0.29949,-0.31952,-0.31496,-0.28696,-0.24802,-0.20642,-0.16745,-0.13441,-0.1065,-0.087087
-0.11802,-0.12104,-0.1281,-0.13254,-0.12833,-0.12454,-0.13356,-0.15956,-0.19355,-0.21315,-0.1981,-0.14977,-0.090782,-0.044838,-0.019168,-0.0047239,0.013663,0.045501,0.084004,0.10986,0.1109,0.089526,0.052528,0.0084284,-0.030992,-0.054818,-0.066859,-0.072335,-0.070039,-0.058788,-0.045728,-0.041301,-0.051326,-0.067533,-0.076924,-0.068846,-0.048716,-0.028121,-0.017973,-0.024416,-0.04992,-0.087596,-0.1211,-0.13448,-0.1273,-0.10806,-0.094533,-0.10127,-0.13452,-0.18883,-0.2501,-0.30235,-0.33408,-0.34466,-0.33992,-0.325,-0.30752,-0.29561,-0.29678,-0.31268,-0.33004,0.090996,0.12113,0.17341,0.23432,0.28194,0.28761,0.24299,0.16991,0.10074,0.060939,0.055324,0.058687,0.05288,0.048885,0.063187,0.086873,0.095943,0.082208,0.059297,0.056705,0.10432,0.20108,0.31146,0.38819,0.40959,0.37959,0.32782,0.29362,0.30067,0.34101,0.37919,0.38688,0.37387,0.36066,0.35026,0.31856,0.25481,0.17924,0.11455,0.067583,0.029588,-0.0091323,-0.046195,-0.071178,-0.077866,-0.069043,-0.049644,-0.018733,0.017119,0.045102,0.058936,0.073046,0.09302,0.1057,0.094044,0.055358,0.0062175,-0.030607,-0.043922,-0.041886,-0.040156
0.21373,0.19592,0.1589,0.11076,0.080451,0.091101,0.12654,0.1428,0.11721,0.071004,0.034741,0.023393,0.043048,0.083325,0.1168,0.12005,0.082086,0.014674,-0.060788,-0.1264,-0.16584,-0.1584,-0.097571,-0.0026632,0.096979,0.17984,0.2159,0.18442,0.099213,0.0019542,-0.069921,-0.10768,-0.12475,-0.1349,-0.13819,-0.12086,-0.074716,-0.010624,0.049842,0.07708,0.057489,0.00014171,-0.060828,-0.099377,-0.1221,-0.14006,-0.13985,-0.10641,-0.047834,-0.00087281,0.0029237,-0.049743,-0.13552,-0.19996,-0.21057,-0.17545,-0.11875,-0.060373,-0.015049,0.0073744,0.013414,0.12438,0.13692,0.17202,0.21801,0.25373,0.27085,0.3014,0.36577,0.4106,0.37343,0.26037,0.15275,0.12472,0.17219,0.24222,0.28516,0.28583,0.24993,0.18024,0.10097,0.043666,0.029797,0.044675,0.062019,0.05559,0.012401,-0.067062,-0.1512,-0.19847,-0.18571,-0.13867,-0.10001,-0.10707,-0.14865,-0.19146,-0.21565,-0.2344,-0.26018,-0.27234,-0.22151,-0.09786,0.055379,0.17433,0.24434,0.28813,0.32559,0.35385,0.35572,0.31705,0.24075,0.13751,0.022543,-0.091561,-0.1781,-0.20718,-0.17927,-0.13118,-0.10252,-0.10283,-0.11833,-0.13173
0.10007,0.090182,0.066319,0.028057,-0.010762,-0.041199,-0.061192,-0.07113,-0.068922,-0.039546,0.040906,0.18761,0.37407,0.50826,0.5105,0.39519,0.25314,0.15701,0.1057,0.060128,-0.0026251,-0.075107,-0.12797,-0.15268,-0.15855,-0.14995,-0.12543,-0.092015,-0.071656,-0.070162,-0.069724,-0.055016,-0.030109,-0.012256,-0.015643,-0.047906,-0.10238,-0.15131,-0.16091,-0.11959,-0.067335,-0.053976,-0.086767,-0.12058,-0.10092,-0.016803,0.096054,0.18053,0.2004,0.16326,0.088943,-0.0066768,-0.11239,-0.21223,-0.28036,-0.2992,-0.26575,-0.20125,-0.14055,-0.10394,-0.091136,0.15846,0.26081,0.38512,0.43696,0.396,0.32302,0.27538,0.25628,0.23399,0.18301,0.12038,0.095054,0.13937,0.23274,0.32563,0.36751,0.32668,0.21551,0.091138,0.0085477,-0.0078726,0.027518,0.086829,0.13901,0.17302,0.18304,0.15617,0.09779,0.05637,0.075832,0.13613,0.16149,0.10586,-0.0034135,-0.085481,-0.095831,-0.064619,-0.047608,-0.0628,-0.08063,-0.071578,-0.038007,-0.00097009,0.02983,0.060916,0.090783,0.10538,0.09633,0.075802,0.066288,0.060305,0.011783,-0.11124,-0.27896,-0.4235,-0.50324,-0.52292,-0.5123,-0.50111,-0.49961,-0.50384
0.042557,0.041042,0.042629,0.0474,0.053561,0.052003,0.036576,0.0089039,-0.018897,-0.03233,-0.016844,0.034218,0.11693,0.20843,0.27205,0.26671,0.18505,0.064395,-0.04294,-0.11248,-0.14188,-0.1314,-0.082553,-0.0050312,0.088888,0.1703,0.20195,0.16701,0.086117,-0.0015095,-0.068908,-0.11123,-0.13479,-0.1438,-0.13604,-0.11709,-0.095132,-0.075639,-0.065831,-0.069808,-0.076022,-0.072386,-0.059006,-0.043332,-0.030931,-0.019625,-0.0072871,0.0073831,0.030662,0.066851,0.11844,0.17889,0.22731,0.23798,0.20273,0.1319,0.036602,-0.073096,-0.17371,-0.24135,-0.27225,0.3603,0.35531,0.32864,0.28385,0.24639,0.23216,0.22714,0.19891,0.12977,0.033907,-0.049051,-0.096265,-0.11026,-0.11022,-0.11473,-0.12804,-0.1267,-0.094953,-0.050051,-0.018457,-0.011865,-0.031194,-0.060677,-0.091713,-0.13,-0.17533,-0.19855,-0.18363,-0.15363,-0.13532,-0.13508,-0.14131,-0.13009,-0.085798,-0.021556,0.019493,0.0078734,-0.051426,-0.12434,-0.17486,-0.19593,-0.19319,-0.1809,-0.18195,-0.21279,-0.26778,-0.32429,-0.36039,-0.36546,-0.34125,-0.30658,-0.26999,-0.22638,-0.17466,-0.13017,-0.10763,-0.10924,-0.12359,-0.14084,-0.15749,-0.16791
0.055126,0.029498,0.0055822,0.013624,0.052627,0.098055,0.11943,0.11048,0.083913,0.054333,0.042813,0.058076,0.076153,0.064531,0.02443,-0.009088,-0.019519,-0.019832,-0.024684,-0.020756,0.01903,0.093821,0.16934,0.19629,0.15445,0.06798,-0.021857,-0.087905,-0.11614,-0.099219,-0.047161,0.0082769,0.040654,0.038912,0.0058266,-0.0532,-0.12934,-0.20978,-0.27934,-0.31972,-0.32628,-0.30843,-0.27399,-0.22843,-0.17713,-0.12383,-0.059226,0.019364,0.085915,0.11672,0.11347,0.099337,0.092387,0.083789,0.072359,0.059514,0.046963,0.036963,0.032863,0.036397,0.038764,0.49365,0.5812,0.66029,0.67548,0.65603,0.64926,0.63609,0.56885,0.45964,0.35004,0.28443,0.26481,0.24454,0.16741,0.028394,-0.11421,-0.1947,-0.20374,-0.15846,-0.082408,0.026804,0.17574,0.34261,0.46123,0.45157,0.29618,0.067811,-0.13417,-0.2513,-0.28035,-0.24027,-0.15888,-0.069161,0.0072992,0.049867,0.04585,0.017164,0.0076874,0.037288,0.073476,0.083827,0.059008,0.0048739,-0.059492,-0.11436,-0.15628,-0.20366,-0.26873,-0.34552,-0.441,-0.53879,-0.59629,-0.58143,-0.50085,-0.4052,-0.34191,-0.34037,-0.39579,-0.47692,-0.54519,-0.57823
0.4952,0.48034,0.44041,0.37864,0.31159,0.25116,0.20778,0.18579,0.17525,0.16595,0.15298,0.1288,0.085064,0.027824,-0.025266,-0.06248,-0.084387,-0.095171,-0.094307,-0.082098,-0.063962,-0.049075,-0.049786,-0.07924,-0.14151,-0.21761,-0.26927,-0.27569,-0.25208,-0.22481,-0.19734,-0.1522,-0.081273,0.0024434,0.07608,0.12225,0.14231,0.14424,0.13717,0.12657,0.10632,0.058809,-0.026999,-0.12688,-0.19668,-0.21118,-0.18593,-0.16389,-0.17308,-0.2001,-0.21117,-0.18505,-0.12873,-0.057249,0.02428,0.1201,0.20944,0.25984,0.26943,0.2702,0.27715,0.089872,0.1373,0.21494,0.29298,0.34567,0.34918,0.3022,0.22617,0.13552,0.053467,-0.0070547,-0.049924,-0.10055,-0.16389,-0.21609,-0.25635,-0.30272,-0.36375,-0.42363,-0.44269,-0.40631,-0.33204,-0.25849,-0.2082,-0.18296,-0.16966,-0.1581,-0.14185,-0.10247,-0.013298,0.11447,0.24056,0.31136,0.31771,0.28393,0.23726,0.17867,0.10072,0.0080019,-0.076246,-0.12678,-0.1282,-0.11121,-0.11624,-0.15066,-0.19738,-0.23929,-0.27012,-0.2952,-0.33,-0.38638,-0.46016,-0.53726,-0.5919,-0.5954,-0.54631,-0.47312,-0.41601,-0.40402,-0.43298,-0.46696
0.16531,0.17396,0.1855,0.19583,0.2029,0.20434,0.20152,0.19897,0.20007,0.21403,0.25333,0.31433,0.36546,0.38404,0.3695,0.33447,0.29099,0.2546,0.23294,0.21235,0.17766,0.13115,0.082092,0.030155,-0.034452,-0.10889,-0.17766,-0.22994,-0.26831,-0.29784,-0.31353,-0.30768,-0.27715,-0.23089,-0.18578,-0.15369,-0.1386,-0.13335,-0.12543,-0.10827,-0.091009,-0.095054,-0.12774,-0.17013,-0.19355,-0.1885,-0.17457,-0.17628,-0.1959,-0.21189,-0.20471,-0.18152,-0.16248,-0.16482,-0.19382,-0.23825,-0.2733,-0.27834,-0.25164,-0.21201,-0.1828,0.88319,0.77035,0.57796,0.37692,0.24649,0.21131,0.23278,0.24987,0.23053,0.17157,0.10374,0.049832,0.0033623,-0.037744,-0.039923,0.0095669,0.095109,0.20542,0.34545,0.48734,0.57059,0.54965,0.41582,0.21142,0.0064591,-0.14738,-0.2283,-0.24188,-0.19676,-0.10088,0.031321,0.16305,0.22166,0.16189,0.018779,-0.11195,-0.16612,-0.14806,-0.10011,-0.0501,-0.0089163,0.022777,0.057979,0.11286,0.19074,0.27587,0.33863,0.33522,0.22754,0.044353,-0.13246,-0.22523,-0.22133,-0.16378,-0.085214,-0.0037393,0.063744,0.10635,0.14486,0.19524,0.23431
0.19831,0.17564,0.13834,0.10956,0.10617,0.12337,0.13796,0.14024,0.13947,0.14243,0.14229,0.13467,0.12882,0.14305,0.17812,0.21692,0.23658,0.22951,0.20592,0.17911,0.15362,0.13565,0.13757,0.15944,0.17896,0.17362,0.14009,0.083971,0.0086901,-0.069126,-0.11388,-0.095736,-0.02692,0.040405,0.062015,0.037279,-0.0068927,-0.05053,-0.094929,-0.1396,-0.17755,-0.20093,-0.20817,-0.20654,-0.2088,-0.21838,-0.22578,-0.22097,-0.20586,-0.19069,-0.1862,-0.19127,-0.19855,-0.20833,-0.22731,-0.25142,-0.27159,-0.28755,-0.3,-0.30388,-0.30156,0.55338,0.52049,0.43364,0.2991,0.14969,0.022357,-0.063955,-0.11033,-0.11349,-0.084429,-0.043009,-0.010273,-0.00077702,0.0069688,0.031007,0.038876,-0.015137,-0.12666,-0.2291,-0.26004,-0.2218,-0.16351,-0.12662,-0.11213,-0.10247,-0.089674,-0.075274,-0.053672,-0.015846,0.047996,0.11814,0.14463,0.098092,0.0003861,-0.086132,-0.10133,-0.022931,0.14761,0.3738,0.59417,0.7311,0.73359,0.60346,0.3973,0.20176,0.078238,0.04704,0.091134,0.15068,0.17089,0.15459,0.13108,0.11425,0.09644,0.078118,0.053394,0.025338,0.0088755,0.0067403,0.0032118,-0.0020972
0.17306,0.18578,0.19876,0.19872,0.1833,0.16183,0.14034,0.12207,0.11099,0.11272,0.1211,0.11722,0.092412,0.055493,0.026291,0.019473,0.030412,0.042471,0.038649,0.019806,0.0034813,0.0040849,0.016355,0.025582,0.026874,0.019771,0.0014182,-0.02323,-0.039948,-0.039861,-0.021279,0.014515,0.063045,0.10427,0.10755,0.065208,-0.0013363,-0.063726,-0.11365,-0.15618,-0.19528,-0.22882,-0.24905,-0.25277,-0.2476,-0.2421,-0.2341,-0.21298,-0.17504,-0.12676,-0.083207,-0.055746,-0.045278,-0.048925,-0.063167,-0.085855,-0.11089,-0.12668,-0.12553,-0.11427,-0.10457,0.0003093,0.039704,0.0857,0.099285,0.074138,0.030984,0.0021495,0.0025581,0.018082,0.032896,0.038542,0.031625,0.014956,0.0017432,0.0037645,0.020811,0.042922,0.063859,0.075036,0.067407,0.051332,0.052021,0.083072,0.12912,0.16078,0.1643,0.14716,0.1422,0.1661,0.2033,0.24116,0.27971,0.31868,0.33413,0.30255,0.23281,0.15187,0.090079,0.062731,0.06516,0.10004,0.16006,0.22348,0.26252,0.25507,0.20989,0.15469,0.10983,0.072437,0.019186,-0.057547,-0.13969,-0.20852,-0.26293,-0.31512,-0.36605,-0.40042,-0.40438,-0.37643,-0.33093,-0.2977
0.46795,0.50871,0.60645,0.7815,1.0164,1.1857,1.1339,0.85127,0.49613,0.22061,0.060074,-0.01496,-0.036009,-0.02762,-0.00078715,0.029688,0.050473,0.057375,0.058247,0.066705,0.08915,0.11696,0.13443,0.14024,0.14284,0.14421,0.13798,0.11711,0.082733,0.042894,0.0027575,-0.039684,-0.087893,-0.13352,-0.16222,-0.1649,-0.14397,-0.10727,-0.067797,-0.043057,-0.044255,-0.069175,-0.10751,-0.15041,-0.1886,-0.21238,-0.22259,-0.22938,-0.2421,-0.25963,-0.2716,-0.26585,-0.23256,-0.17244,-0.1038,-0.055786,-0.047349,-0.074486,-0.11668,-0.15273,-0.17155,-0.16844,-0.15588,-0.14159,-0.12953,-0.11036,-0.077283,-0.037572,-0.0061737,0.0042756,-0.0086481,-0.032109,-0.052262,-0.068104,-0.092373,-0.13068,-0.17366,-0.2072,-0.22341,-0.22239,-0.20449,-0.16654,-0.11003,-0.04749,0.0002891,0.013781,-0.010344,-0.053052,-0.088958,-0.10802,-0.11656,-0.12529,-0.13762,-0.14982,-0.15249,-0.13448,-0.089322,-0.023317,0.03941,0.070427,0.058147,0.0089291,-0.056257,-0.11139,-0.13887,-0.13971,-0.1239,-0.096233,-0.06203,-0.035172,-0.02518,-0.029151,-0.044583,-0.073794,-0.11161,-0.14249,-0.15649,-0.15473,-0.13782,-0.10775,-0.076861,-0.058194
-0.049312,-0.053558,-0.057048,-0.053074,-0.038448,-0.012585,0.018452,0.04268,0.049809,0.036849,0.0086505,-0.028715,-0.064205,-0.081573,-0.066423,-0.018472,0.042663,0.087005,0.093011,0.060174,0.0072455,-0.044722,-0.089262,-0.13094,-0.17245,-0.20901,-0.23299,-0.24147,-0.23971,-0.23862,-0.24509,-0.2509,-0.24168,-0.2033,-0.14124,-0.083004,-0.060008,-0.079296,-0.12539,-0.17746,-0.22105,-0.24643,-0.25288,-0.24438,-0.22837,-0.21062,-0.19667,-0.1868,-0.18003,-0.17132,-0.16095,-0.15312,-0.1501,-0.15183,-0.15596,-0.16094,-0.16725,-0.17999,-0.20761,-0.24465,-0.27303,0.28946,0.27662,0.2699,0.28896,0.34052,0.41665,0.50414,0.58658,0.63849,0.64258,0.60351,0.54912,0.51433,0.5089,0.50391,0.46599,0.3922,0.3134,0.25906,0.23951,0.23907,0.23655,0.22159,0.20195,0.19285,0.20666,0.24081,0.28126,0.31734,0.34866,0.36592,0.35714,0.32316,0.27363,0.22384,0.1929,0.20018,0.24484,0.30058,0.33578,0.33918,0.3192,0.28805,0.25261,0.21994,0.19277,0.16521,0.12908,0.07811,0.010397,-0.063223,-0.12007,-0.13943,-0.11518,-0.06271,-0.0082105,0.028938,0.053585,0.08124,0.1142,0.13829
0.22958,0.19614,0.1383,0.077871,0.038595,0.030388,0.047774,0.066338,0.061258,0.028852,-0.016896,-0.069092,-0.1144,-0.13558,-0.12763,-0.10365,-0.081771,-0.072542,-0.079871,-0.10026,-0.11325,-0.10156,-0.071072,-0.04401,-0.035774,-0.0429,-0.053561,-0.054635,-0.04435,-0.04389,-0.06855,-0.10102,-0.10448,-0.060265,0.0040627,0.037108,0.020514,-0.017001,-0.036599,-0.032481,-0.022586,-0.025742,-0.046907,-0.086658,-0.13815,-0.18242,-0.19359,-0.16502,-0.12088,-0.09746,-0.11369,-0.15384,-0.18123,-0.17962,-0.15841,-0.13992,-0.13378,-0.1454,-0.17557,-0.20949,-0.23344,0.055123,0.066505,0.09988,0.14287,0.15484,0.11392,0.045145,-0.0040002,-0.010454,-0.0096013,-0.045411,-0.10206,-0.11849,-0.047299,0.080209,0.17884,0.18808,0.12939,0.082356,0.1075,0.20012,0.3011,0.33878,0.29664,0.21217,0.13727,0.098185,0.094269,0.12837,0.19506,0.25554,0.26872,0.23848,0.19421,0.15599,0.1287,0.11306,0.093732,0.059851,0.014022,-0.016403,-0.015556,0.014505,0.053915,0.10271,0.15852,0.20967,0.25022,0.27709,0.27816,0.26303,0.26364,0.29436,0.34365,0.40656,0.48424,0.57794,0.67173,0.72574,0.71894,0.68452
-0.0015712,-0.0049754,-0.003046,0.013767,0.036878,0.049676,0.04209,0.020545,-0.0037163,-0.028672,-0.043564,-0.03871,-0.012923,0.024177,0.053185,0.067658,0.077638,0.10135,0.14585,0.19784,0.23969,0.25381,0.22228,0.14094,0.025758,-0.089061,-0.17835,-0.23631,-0.26206,-0.25378,-0.2071,-0.11499,0.010443,0.14567,0.26282,0.33178,0.33105,0.27285,0.20255,0.15855,0.14547,0.14927,0.14525,0.11229,0.048118,-0.027524,-0.093869,-0.1339,-0.13583,-0.10237,-0.059085,-0.023181,0.0093698,0.032526,0.030072,0.00073442,-0.036694,-0.060437,-0.061914,-0.04384,-0.026023,0.24757,0.20844,0.16977,0.1595,0.17981,0.20774,0.21263,0.17773,0.11087,0.021013,-0.092233,-0.20695,-0.29532,-0.34592,-0.35104,-0.29791,-0.19443,-0.068252,0.048647,0.12276,0.10487,-0.016351,-0.19602,-0.34861,-0.41396,-0.39007,-0.32267,-0.24103,-0.15022,-0.049812,0.047233,0.12582,0.16323,0.15132,0.12114,0.12055,0.15297,0.18877,0.2105,0.22288,0.23639,0.23468,0.17224,0.021009,-0.18022,-0.3525,-0.44852,-0.47894,-0.48022,-0.47754,-0.46498,-0.42927,-0.38168,-0.35256,-0.34819,-0.36345,-0.3963,-0.43269,-0.45238,-0.45469,-0.45406
0.20257,0.18371,0.15456,0.12665,0.097932,0.063267,0.031829,0.022313,0.048324,0.10385,0.15557,0.16754,0.13451,0.081854,0.035059,0.0095673,0.020754,0.053368,0.068795,0.058059,0.052129,0.094141,0.18563,0.2636,0.25813,0.15772,0.019505,-0.10072,-0.18286,-0.22578,-0.23497,-0.22162,-0.19522,-0.16663,-0.14416,-0.13603,-0.14394,-0.15875,-0.17119,-0.18012,-0.1814,-0.16916,-0.14989,-0.13229,-0.11195,-0.08749,-0.069896,-0.073565,-0.10306,-0.14685,-0.18505,-0.19856,-0.18156,-0.14258,-0.097728,-0.072646,-0.073785,-0.084463,-0.085745,-0.073661,-0.062297,0.68131,0.53793,0.34762,0.20903,0.14662,0.11495,0.079003,0.050215,0.057125,0.10573,0.16775,0.20838,0.21563,0.20225,0.18245,0.15946,0.14932,0.17237,0.23249,0.29879,0.32556,0.28513,0.17909,0.045535,-0.064298,-0.12941,-0.15575,-0.14797,-0.095792,-0.0024128,0.090693,0.14967,0.1735,0.18252,0.19809,0.22221,0.23733,0.22772,0.19131,0.14378,0.086608,0.02065,-0.038811,-0.066816,-0.043724,0.025364,0.10991,0.17101,0.18584,0.15488,0.083441,-0.022547,-0.13858,-0.23169,-0.27576,-0.26361,-0.21077,-0.15631,-0.13865,-0.16489,-0.19752
0.19882,0.22305,0.2592,0.28833,0.29465,0.27817,0.2646,0.28604,0.34865,0.42361,0.47078,0.4657,0.4086,0.31869,0.22068,0.13865,0.093121,0.089104,0.111,0.13343,0.13574,0.11072,0.065543,0.020429,-0.0083032,-0.016199,-0.01169,-0.0089522,-0.021672,-0.049772,-0.081821,-0.1079,-0.12884,-0.15146,-0.177,-0.19538,-0.19381,-0.17368,-0.15957,-0.1718,-0.20408,-0.23138,-0.23451,-0.21094,-0.16887,-0.12257,-0.087979,-0.072466,-0.076045,-0.095581,-0.12224,-0.149,-0.1759,-0.20125,-0.21646,-0.21121,-0.19575,-0.20223,-0.2538,-0.33345,-0.39166,0.15271,0.14838,0.13834,0.11862,0.09338,0.090171,0.13434,0.22603,0.31775,0.34578,0.29129,0.1989,0.12452,0.094621,0.1012,0.13018,0.17287,0.23906,0.32978,0.42984,0.50679,0.53531,0.50611,0.43478,0.35303,0.3017,0.31398,0.36673,0.37524,0.28499,0.12723,-0.021482,-0.11981,-0.16918,-0.1798,-0.1685,-0.16051,-0.17731,-0.22127,-0.27571,-0.31786,-0.33175,-0.31727,-0.29342,-0.28265,-0.2866,-0.28865,-0.28004,-0.27468,-0.29058,-0.3306,-0.38031,-0.41951,-0.43546,-0.42635,-0.39694,-0.35275,-0.29326,-0.22521,-0.17021,-0.14355
0.16372,0.13245,0.076994,0.01167,-0.041272,-0.066401,-0.058352,-0.019988,0.031637,0.079924,0.11185,0.12578,0.11605,0.08038,0.028614,-0.018698,-0.046743,-0.040755,0.0025053,0.072689,0.13689,0.16129,0.13838,0.10068,0.085632,0.10975,0.16286,0.23531,0.3057,0.34437,0.3365,0.29401,0.24137,0.20141,0.17327,0.13921,0.075855,-0.0082282,-0.080148,-0.11895,-0.13165,-0.13028,-0.11656,-0.090868,-0.069246,-0.065179,-0.088746,-0.14047,-0.20665,-0.26177,-0.28904,-0.28285,-0.24838,-0.19623,-0.15034,-0.12921,-0.12711,-0.12583,-0.12133,-0.12036,-0.12444,0.34985,0.29329,0.21253,0.14625,0.1051,0.081914,0.070023,0.078885,0.11607,0.161,0.18917,0.19382,0.18755,0.17792,0.14871,0.095756,0.032893,-0.030977,-0.10101,-0.18088,-0.26421,-0.34259,-0.40832,-0.4604,-0.50424,-0.53648,-0.52806,-0.44562,-0.2957,-0.12726,-0.0055346,0.055167,0.093167,0.12677,0.13953,0.12099,0.082695,0.037083,-0.021184,-0.085709,-0.14232,-0.17596,-0.17682,-0.16079,-0.1665,-0.21665,-0.28726,-0.30647,-0.20402,0.036657,0.30386,0.4304,0.35771,0.19188,0.074038,0.054688,0.098555,0.14628,0.14216,0.081361,0.018058
0.10536,0.12123,0.14726,0.17731,0.20529,0.22026,0.20762,0.16238,0.09839,0.039366,-0.0013268,-0.027551,-0.051119,-0.077834,-0.098264,-0.10409,-0.10068,-0.10965,-0.14502,-0.19482,-0.23613,-0.2559,-0.2601,-0.26206,-0.26606,-0.26745,-0.25101,-0.21267,-0.16074,-0.10744,-0.066313,-0.046279,-0.038978,-0.030443,-0.012987,0.0095108,0.028739,0.035903,0.027701,0.011128,-0.0042116,-0.018664,-0.034237,-0.049026,-0.055782,-0.052662,-0.04396,-0.032974,-0.015948,0.011435,0.050483,0.094726,0.12998,0.14205,0.12479,0.084813,0.038303,3.5141e-05,-0.018756,-0.019273,-0.013087,-0.10169,-0.069232,-0.02652,-0.0066931,-0.027598,-0.078641,-0.13468,-0.17704,-0.19905,-0.20034,-0.19061,-0.17795,-0.16121,-0.13572,-0.10763,-0.0892,-0.089792,-0.1061,-0.11758,-0.10031,-0.055729,-0.014595,-0.0045386,-0.028378,-0.069657,-0.10569,-0.11964,-0.10604,-0.074157,-0.042199,-0.023438,-0.026293,-0.0461,-0.065769,-0.065362,-0.039704,-0.0014767,0.038988,0.080568,0.1239,0.16513,0.19399,0.20442,0.19589,0.16936,0.12524,0.076077,0.044047,0.040556,0.055902,0.067491,0.060152,0.041454,0.032771,0.052032,0.094549,0.13822,0.16212,0.16557,0.16271,0.16224
0.2766,0.2633,0.24565,0.23991,0.25154,0.26637,0.25643,0.20571,0.12806,0.055087,0.014347,0.0070686,0.011855,0.0089327,-0.004022,-0.012064,-0.0062426,0.011859,0.03313,0.045164,0.036167,0.0068271,-0.027538,-0.049866,-0.057002,-0.061969,-0.080316,-0.10876,-0.13231,-0.1436,-0.14994,-0.15625,-0.16473,-0.18588,-0.22353,-0.25714,-0.25288,-0.1996,-0.12219,-0.058414,-0.034616,-0.051923,-0.091388,-0.12873,-0.14601,-0.13971,-0.11701,-0.091647,-0.073199,-0.062316,-0.059257,-0.062483,-0.0685,-0.082569,-0.11354,-0.15656,-0.18826,-0.19527,-0.1889,-0.18547,-0.18722,0.17075,0.1735,0.18834,0.22463,0.27634,0.32953,0.36504,0.36415,0.32742,0.286,0.26923,0.27705,0.27833,0.24783,0.19327,0.15225,0.14684,0.16071,0.15801,0.13003,0.093065,0.071763,0.068691,0.063351,0.037337,-0.008073,-0.049236,-0.064684,-0.052622,-0.019058,0.021188,0.042943,0.024922,-0.03557,-0.10322,-0.13583,-0.11235,-0.044979,0.044697,0.13436,0.19579,0.2089,0.18403,0.13959,0.088662,0.035997,-0.012722,-0.047631,-0.067299,-0.083114,-0.1018,-0.11263,-0.1,-0.067388,-0.038453,-0.03451,-0.060617,-0.086149,-0.06689,0.0021654,0.067619
