subj_label,X,Y
1,0.373803466558456,-0.494499788119933
1,2.12521076202393,-1.46409348231063
1,0.111097276210785,-1.05600975435709
1,0.248753741383553,-0.891452742901469
1,0.355373293161392,0.762343288772582
1,0.0625056400895119,0.602451610128087
1,0.627074062824249,1.86274222651395
1,0.232740104198456,0.927665064110714
1,0.0290383603423834,-1.08615529116793
1,0.29802531003952,-1.13978936183045
1,-0.780761778354645,-0.384213426308067
1,2.69761085510254,-2.42587316153541
1,1.07514917850494,0.345313123752024
1,-0.226235821843147,0.519803625884644
1,-1.00827956199646,1.80619434059322
1,0.0445963479578495,0.682447188230541
1,2.32679677009583,-1.47787774711225
1,0.671486377716064,1.82306732164695
1,1.23671352863312,0.574806807916279
1,0.339995473623276,1.15228393298025
1,-0.77483195066452,-0.778436446278611
1,-0.419943749904633,-1.01147176558853
1,3.38456583023071,-0.613401951303577
1,-1.06931066513062,-0.391839850204644
1,-0.42412069439888,0.0595611402749322
1,-0.886762201786041,-0.0115981066586331
1,-0.971078515052795,-0.494295108681773
1,1.78174078464508,-0.0578294449504629
1,-1.82244682312012,1.12870259840465
1,0.91349595785141,-0.433633481346758
1,-0.0150645012035966,-0.242207377768091
1,-0.68968391418457,0.575259498737546
1,-1.24881970882416,-0.58999195498938
1,-0.306927561759949,-0.119041230549485
1,-1.40623927116394,-0.500036996548326
1,-0.0958503112196922,-0.52620426907301
1,-1.26002633571625,-0.261673652092199
1,0.0798388123512268,0.818917354505976
1,-0.475818753242493,-0.822239681147337
1,-1.04824984073639,-2.00494570377549
1,0.742652237415314,0.0932122848002374
1,-0.0136252231895924,1.96298930652229
1,0.228599920868874,-0.525130972608656
1,-1.0670440196991,0.90388740792828
1,0.151194706559181,-2.01189049762362
1,1.18720209598541,1.67472680888503
1,0.610006630420685,0.928132999948683
1,0.228637620806694,-0.795245021084599
1,-1.09166610240936,1.55264384637081
1,0.322080969810486,0.952178554276354
1,-1.43847811222076,0.128692873823655
1,-0.854218006134033,-1.09217131231242
1,-0.0597749091684818,1.3463895028004
1,-0.783551752567291,-0.0678375342087248
1,0.0391256622970104,0.595682959405535
1,0.0884902998805046,0.164707076200811
1,-0.849601268768311,1.22353086248546
1,0.117463074624538,-0.811747643536447
1,-0.116800256073475,-0.484494451099469
1,-0.453744202852249,0.559210998139259
1,0.301141351461411,-0.591021890566817
1,0.691945672035217,-0.703619904675335
1,-0.791509509086609,-0.0484611897845545
1,-0.484368890523911,-0.00240163219957229
1,-0.789317786693573,0.685289222260592
2,-0.54008948802948,0.332915133438969
2,-0.428480833768845,0.457817491574363
2,-0.873482167720795,0.774451041701069
2,0.66874235868454,1.22444079517482
2,-0.760672807693481,-0.12589105283963
2,0.353069692850113,0.178597110571586
2,0.721550703048706,-0.4958025492852
2,-1.00518608093262,0.236610625333739
2,0.0961366966366768,0.559424702184583
2,-0.357301771640778,0.912405128260278
2,-1.27197360992432,-0.889740524749601
2,0.87969571352005,0.565907577387787
2,-0.420197010040283,-0.41369035669707
2,-0.543508410453796,0.218447901455841
2,-0.852000772953033,-1.20256238919079
2,-0.733771920204163,1.33863992805109
2,0.118191748857498,0.534547511844093
2,3.28397846221924,-0.487787193065166
2,-0.303327590227127,0.903323799253142
2,-0.305967509746552,-0.444529240495313
2,1.1326140165329,-1.0384713759944
2,0.868842720985413,-2.86714207706363
2,0.671001315116882,-1.42121088005264
2,-0.822104811668396,-0.443389355872887
2,0.152249738574028,1.40258947196259
2,-0.102930024266243,-1.16964976285617
2,-0.690562844276428,0.515883517328669
2,-0.325113624334335,-0.129823649487256
2,-0.640116274356842,-1.36049596036675
2,-0.470737159252167,1.77471999862363
2,0.882659137248993,-0.541284335299068
2,0.0898022353649139,0.759232710030882
2,-0.110874399542809,-0.114747264441173
2,-1.21422529220581,1.42363686483191
2,2.85408973693848,-0.967373341252307
3,-0.886699974536896,-1.9016432009063
3,-0.375085830688477,-0.213820840574964
3,0.127721354365349,1.31812427623946
3,-0.32854038476944,0.372647146280725
3,1.08603429794312,0.473357783570196
3,0.490676879882813,-0.842761886928315
3,0.123695209622383,0.75109948010743
3,-1.59937465190887,0.0498591497755678
3,-0.680113255977631,2.50367187665983
3,-0.911737442016602,0.78918577648265
3,-0.611799299716949,-0.237845078437272
3,0.35553303360939,-0.0649302778511797
3,0.35041943192482,0.20120391000491
3,-0.547911405563354,-0.801549661197652
3,0.903428018093109,0.790441442861613
3,-0.552690148353577,-0.313718629914168
3,0.389024585485458,0.197017745207149
3,-0.766548871994019,-1.95027874284984
3,1.88667833805084,-0.221771471077806
3,2.24480175971985,-0.597191808427888
3,-1.00138330459595,-0.161139494844928
3,0.763096928596497,0.23942980071836
3,2.40348172187805,0.189723428872222
3,0.189297288656235,-1.16785552805792
3,-0.627717137336731,1.20262932953926
3,2.32625126838684,0.154251244924087
3,-1.09805035591125,-0.710519709939956
3,-0.705454647541046,-1.39751472862402
3,-0.680271208286285,1.2073798519158
3,-0.355337679386139,0.274303704109789
3,0.242526352405548,-0.902563361087243
3,-0.571881234645844,1.46872192631885
3,-0.861072421073914,0.995755901682587
3,-0.240030944347382,0.806800634388477
3,-1.70500683784485,1.43616792052171
3,-0.45222544670105,-0.0821319985716183
3,-0.484338402748108,1.2053605937549
3,0.00646101636812091,-1.16477024890083
3,1.48867511749268,-1.3464725610887
3,-0.412574827671051,0.244449317891459
3,-1.00939130783081,-0.974603837130544
3,-0.961298525333405,-1.60443261529502
3,-0.545463085174561,0.526134030930483
3,0.0215965583920479,0.772157169310747
3,-0.301205068826675,-1.61858523407994
3,-1.07300937175751,-1.57418581682457
3,1.78952515125275,0.783572286910185
3,1.36249470710754,0.436286987611695
3,-0.452720642089844,0.465871721975238
3,0.676861464977264,0.884091812497052
3,-0.605032026767731,-1.19698280707118
3,-1.02039289474487,0.96607169989112
3,0.204099714756012,-0.249751636450271
3,1.64225399494171,0.690623441038671
3,0.125431805849075,0.507826240973561
3,1.22429263591766,-1.60719645683365
4,1.14531254768372,-0.00390454987374409
4,3.11980009078979,-0.0131051674797757
4,0.464051812887192,0.00562710485806571
4,0.858490586280823,1.41535648670951
4,0.441978305578232,-2.22576297539072
4,1.17386674880981,-0.444207309334618
4,-0.693814814090729,-0.495647179619878
4,-0.560367345809937,-1.47029309572817
4,1.67957329750061,0.864774676594537
4,0.450610011816025,2.09448596759047
4,-0.368842422962189,0.751731062715124
4,-0.164044737815857,-1.26596594909245
4,0.268096476793289,-0.884450320250601
4,-0.802471339702606,0.414474546534601
4,-0.452317655086517,1.02286226447144
4,-0.590809881687164,0.566247712803462
4,-0.341385871171951,-0.661006110203426
4,0.717106640338898,0.842961063118742
4,-0.953717470169067,-0.267284209446559
4,-1.5124489068985,-1.32961310890449
4,-1.13260746002197,0.162408830054837
4,0.166063502430916,0.642168004493847
4,-1.07974410057068,-0.998394025835171
4,1.26787948608398,-0.760015076854532
4,-1.49322640895844,-1.14856602853937
4,1.05240631103516,0.30707502562642
4,-0.665114939212799,-0.363332608583094
4,0.814310610294342,-1.03251915117519
4,-1.33639490604401,0.450772630340353
4,-0.502262353897095,1.09478832694765
4,0.703487575054169,-1.29704470708992
4,-0.48097625374794,1.02230068742575
4,-1.03680372238159,1.94982289005737
4,0.697283565998077,-0.782860783416339
4,-0.670385837554932,-0.304646441438131
4,0.035831730812788,0.958099177840455
4,-0.544476687908173,-0.443544778787532
4,-0.758188188076019,0.558991450815227
4,1.08425307273865,1.06721566804583
5,0.553661942481995,0.0494559092933049
5,1.97473227977753,0.0294921763562848
5,-0.107018299400806,-0.502013662808425
5,0.0455341301858425,0.138417264842227
5,-0.407832115888596,-0.382567096639913
5,1.00817942619324,-1.43224582055039
5,-0.77173912525177,-1.71261844514705
5,-0.765558183193207,0.414430642983498
5,-1.13065445423126,-0.297217644066199
5,1.68999075889587,1.42896439960025
5,0.14143143594265,0.278230616653193
5,1.39331340789795,-0.538315581270341
5,-0.17188748717308,-1.3003299287696
5,0.309647619724274,-0.299745403255823
5,-0.407816022634506,0.60335402403742
5,-0.672765791416168,-0.0408715884206922
5,-0.592036664485931,0.321747276688302
5,2.0020067691803,-0.724454286712508
5,0.0606143176555634,1.56638175949417
5,-0.782299697399139,1.10724821936502
5,-0.280577033758163,-1.00115588055326
5,0.391816049814224,-2.25234664360547
5,-0.410629719495773,0.948146847683924
5,1.2053918838501,0.923390943332947
5,0.830915033817291,1.05834300507257
5,-1.92966771125793,0.0933923720643436
5,-1.66348886489868,1.02221443718248
5,-0.636420071125031,-1.275065652809
5,-0.705671548843384,1.22621605246173
5,-1.52549731731415,0.877638471249132
5,1.08190619945526,0.193046682002256
5,-0.117546558380127,1.04282714749948
5,0.389966726303101,-1.56399061325386
6,-0.796958386898041,0.906591483188255
6,-0.90528279542923,0.184295681109509
6,0.400696933269501,-1.2097490546427
6,-0.186141014099121,-0.99070851690488
6,-1.06620144844055,0.807730396788283
6,-0.879907727241516,-1.06264849738984
6,-1.29480528831482,1.32923648683471
6,-0.99587744474411,1.50834593654109
6,-1.14055156707764,-0.618230967706185
6,-1.31262075901031,-1.86910291056337
6,-0.615714073181152,0.433544446209548
6,0.274244606494904,-1.16158051958737
6,-0.312214195728302,2.03403320655906
6,-0.716563582420349,1.344341016263
6,0.390830606222153,0.762487147410268
6,-0.34170326590538,0.551506410853559
6,-0.910325884819031,0.676504615361984
6,-0.588712096214294,1.5052442132757
6,-0.776583254337311,0.85208963682761
6,-0.310401827096939,-1.28579991225646
6,-0.192192658782005,-1.85191097487828
6,-0.599202215671539,0.985216136702959
6,-0.746109485626221,-0.890706917904497
6,-0.630298316478729,0.0380977314287162
6,-0.152179569005966,0.356081578202329
6,1.21734166145325,0.382304513445036
6,0.429955214262009,0.213624249262946
6,-0.623032033443451,-0.48845297553185
6,3.17642378807068,-0.516373827542716
6,0.765144169330597,0.638939015924981
6,0.447312980890274,0.502846312329583
6,0.695871114730835,-1.22502527081315
6,0.817242026329041,-0.693890002784033
6,0.159646049141884,0.352098474082361
6,-0.0728938952088356,-0.146960121766823
6,1.51301670074463,-0.286374802680336
6,1.66481554508209,0.213582089629581
6,0.553416728973389,-1.2822989112063
6,1.48292899131775,-1.4219299117466
6,-0.728734910488129,-0.786261460482717
6,2.05761957168579,0.0666673524223932
6,0.848702371120453,1.14259742573464
7,2.78133940696716,-0.0696734658090393
7,-0.181882321834564,1.36061342264809
7,1.25649130344391,-1.05900534083625
7,0.124058939516544,-0.776929246648117
7,2.36900639533997,1.38150118805138
7,-0.793884754180908,-0.446515823495771
7,1.094682097435,1.07694677572857
7,-0.508869409561157,-2.21056002066361
7,2.16521859169006,-1.66474693020997
7,-1.04701268672943,0.819776461303312
7,-0.630601584911346,1.51768930667222
7,-0.0161179564893246,0.108852352110527
7,-0.663584530353546,-1.34157499659384
7,0.567253828048706,0.229410205580088
7,1.42783915996552,-0.561020207893827
7,1.79630100727081,1.25613370479874
7,-0.781459927558899,1.09818395976539
7,-0.410063862800598,-0.308601599752774
7,-0.62611597776413,1.12393830383062
7,-0.207317605614662,0.5230857388414
7,-1.19952571392059,1.37167401468331
7,-0.349831342697144,-1.27877124197753
7,0.566164612770081,0.402042847599247
7,-0.476930648088455,-1.4100060361601
7,0.247199565172195,0.462364544083112
7,-0.721660137176514,0.113493690481405
7,1.42146277427673,-1.94841290070574
7,-0.214790776371956,-0.274237168702521
7,-1.44783127307892,-0.43269525173538
7,0.405268907546997,-0.602823623387099
7,-0.663099944591522,0.0751693971859885
7,-0.148207932710648,-1.05318525187201
7,-0.335448563098907,-0.687464127521014
7,0.232873931527138,0.642826663723485
7,1.07721149921417,0.0973560841776332
7,-0.693090438842773,-0.353503467373479
7,-1.31784689426422,-1.43996203520362
7,-0.703628301620483,-1.7070298820619
7,1.4701623916626,0.0180792621209819
7,-0.433727145195007,0.151262094386717
7,-0.132388517260551,1.59230207351228
7,-0.53948563337326,1.13106348410065
7,0.754294276237488,-0.0380276665880943
7,-0.827674329280853,-0.00510246918973184
7,-1.08542823791504,0.774895527885844
7,-0.802567481994629,0.98095583650987
7,-0.00753463013097644,0.438675948177713
7,-0.737906873226166,0.671606421314824
7,-0.240470588207245,-0.714040875932465
7,-0.810842633247375,0.963990321040476
8,0.21122333407402,-0.752708798863974
8,2.73709726333618,1.47221393486843
8,-0.589843988418579,0.903037096916818
8,1.14391374588013,0.854259186391371
8,-1.14529728889465,0.736491432316158
8,0.0289450827986002,-0.199541626342445
8,0.814162850379944,-2.58645731247359
8,-0.990389585494995,-0.0645030544763845
8,0.534832060337067,0.969051548078639
8,-0.131231471896172,-0.450612800485184
8,-0.828191876411438,-0.415846645979417
8,1.87725734710693,1.69212366347586
8,1.20679259300232,-0.333733375685616
8,-0.592204093933105,-0.539430622175334
8,-0.587384879589081,0.462319941804769
8,0.260063052177429,0.665992493781994
8,-0.501656174659729,0.0986982825263792
8,-0.940257728099823,-0.87102740014633
8,-0.772688329219818,1.06752514405677
8,-0.86684662103653,0.970976046002784
8,-0.991518974304199,-0.561561094981099
8,-0.799588561058044,-0.364595955688949
8,0.990752458572388,-0.827861340993088
8,-1.07339906692505,0.34354979725687
8,0.735084235668182,-0.541219557274953
8,-1.09865689277649,0.655144495061614
8,-0.754528403282166,0.0793790750186046
8,0.809872567653656,-0.336333445510462
8,1.73260736465454,-1.39177826380399
8,1.15024602413177,-1.10436578834288
8,0.348827540874481,0.0774826764341119
8,-0.205981090664864,1.21764589887846
8,0.231584712862968,-1.79301234482281
8,-1.43019342422485,1.92239497033045
8,-0.560805141925812,0.231976509468045
8,0.0474021583795547,-1.28567276462161
9,1.26714599132538,1.73094398098684
9,-0.406907767057419,-1.29654777052036
9,0.971777021884918,-1.78725324649425
9,0.0507842674851418,0.028772547255188
9,-0.243005946278572,-1.92923985376848
9,-0.656155049800873,0.0862892216358815
9,0.450348258018494,1.63742365711367
9,-0.221889689564705,-0.548547142804678
9,-0.497136771678925,0.429778297145564
9,-0.577452063560486,-0.0772520720032285
9,1.67324984073639,-1.09050741581682
9,0.104975387454033,0.508177161712669
9,-0.855940699577332,0.758805106323272
9,-0.586574494838715,-0.0103713883360197
9,4.9638524055481,-1.09673753652594
9,0.347885966300964,-0.0219836349685129
9,-1.03751313686371,0.76959724051295
9,0.141503006219864,-1.19057389828808
9,0.61776214838028,-0.898799283057046
9,-0.556201815605164,1.17892742036351
9,0.386046409606934,0.888986700043718
9,1.19379818439484,0.0369323381945544
9,-0.40612256526947,0.65264560747255
9,-1.06964361667633,-0.2811190479146
9,0.592951059341431,-0.779356329390608
9,0.21140444278717,1.15801620081555
9,-0.848222851753235,0.15398198175824
9,-0.638408958911896,-1.3195676863514
9,0.261156260967255,1.13961583003073
9,0.268345862627029,-0.0192861180407886
9,0.725562453269958,0.700394812024869
9,-0.676143705844879,1.27782273690853
9,-0.285633832216263,-0.81234047027739
9,0.13856315612793,-0.442389636672412
9,-1.09894466400146,-1.64934612314067
9,-0.396209090948105,-0.454549868034913
9,-0.364911049604416,0.594483798709178
9,-0.777182221412659,0.551880383416864
9,0.186904832720757,1.1454630487976
9,-0.243751227855682,-1.01053173756255
9,-0.247674494981766,-0.845171615122684
9,0.145222812891006,1.2987950554723
9,-1.09375858306885,1.38739154957158
9,-0.449112921953201,-1.30294409371647
9,-0.464743107557297,0.749291292542111
10,-0.518863439559937,0.579164795934858
10,2.24324536323547,0.734233216971253
10,-1.038081407547,0.283738237801875
10,2.39949178695679,-0.536152440525227
10,0.91833621263504,-0.875710855407213
10,1.26321017742157,-0.162373334845255
10,-0.886442601680756,-1.05966804915537
10,0.418696701526642,-0.00187327990770711
10,0.0238821264356375,-0.120859941398919
10,-0.467550873756409,0.559690871733336
10,-0.0892754346132278,0.386684322925199
10,1.57829880714417,0.514550301962804
10,1.09335100650787,0.637933032905184
10,0.411929160356522,0.391592412614323
10,0.00248702964745462,0.728411321655554
10,-1.09840655326843,0.130680959661141
10,-0.0294093005359173,-0.0658123246115348
10,-1.0908430814743,-0.875574843221972
10,-0.361010074615479,-0.372537445283509
10,0.00177450233604759,1.52417733870565
10,2.05806851387024,2.04359576465977
10,-0.398030579090118,0.360789690879785
10,-0.16632342338562,0.392921072202664
10,-1.11423420906067,0.303421893657769
10,0.278922408819199,-1.9181716963313
10,0.288068950176239,-0.0566508990503765
10,-0.179472640156746,0.837903026053766
10,0.0797408223152161,0.480249092174494
10,-0.828781247138977,0.508314432685552
10,-0.040627483278513,0.0640689898405894
10,1.72625601291656,-3.3969563277258
10,1.44740557670593,-0.223085063241884
10,-0.192066475749016,-0.838367219287956
10,0.100972801446915,-0.705851473918754
10,-0.448687374591827,-1.26218021596958
10,-0.561516284942627,1.58891467190606
10,-1.18608891963959,-0.116222408536126
10,-0.456736445426941,-1.55025514079092
10,-1.38830471038818,1.10618352805274
10,-1.18062674999237,0.536294018957124
10,-1.2382287979126,0.917020135058337
10,-1.03944933414459,0.149058725260663
10,-0.335079371929169,-1.62128889505109
11,-0.857598662376404,-0.0634672696276391
11,-1.5063499212265,0.0305913512516183
11,-0.0180527474731207,-0.695146212047303
11,0.352309256792068,-0.988308091315291
11,0.375940144062042,-1.55090839172521
11,-0.258733630180359,-0.477187477795618
11,-0.852389276027679,0.0791511073905224
11,-0.484160095453262,0.118953325925818
11,-0.692175388336182,0.77125749837873
11,0.201319634914398,0.833889905577288
11,-0.715620160102844,0.289580168502447
11,-0.245410159230232,-1.77002290697602
11,-0.693415224552155,-0.39399784861567
11,-1.13095903396606,0.539528994110035
11,-0.615227341651917,0.464802600375221
11,-0.286445558071136,0.172310570734427
11,0.9494549036026,-0.764962816689978
11,2.42459177970886,0.91660407018449
11,0.646913409233093,-0.0292094736940776
11,0.411716103553772,-1.55948390378003
11,0.358378618955612,1.03031604747061
11,4.46020030975342,0.126468908331613
11,0.246385857462883,-0.746687628536041
11,0.196001559495926,0.0628501000985654
11,-0.323532611131668,-1.22654678302638
11,-1.0286740064621,-0.126981956100083
11,1.64702391624451,-1.59880774877654
11,-1.20670032501221,0.856215634261583
11,-0.654788494110107,-0.880776394245286
11,1.20969188213348,0.795909860760145
11,-0.0544302985072136,0.340919431603488
11,-0.737867474555969,-1.78000509344927
11,0.363891243934631,-0.19284421225793
11,-0.0753428712487221,-1.04010953075352
11,0.316371887922287,-0.751270869683475
11,0.185579001903534,-1.39251771195962
11,-1.02766680717468,0.0837734237867858
11,-0.970986902713776,-0.873879248234992
11,-0.825947880744934,1.97838593135778
11,-0.345635801553726,0.668975753404368
11,-0.119952417910099,-1.25035569325809
11,-0.728444457054138,1.41578357423611
11,0.165227010846138,1.3547122465462
11,-0.318459987640381,0.71718191304279
11,0.52484530210495,1.29965449297286
11,1.13503754138947,-0.700666213942926
11,1.4311158657074,-0.959458550481589
11,1.34894979000092,0.721859005489013
11,0.330792993307114,1.83046743137675
11,-0.232302293181419,-1.54627274299875
11,-0.264798253774643,0.0829205727849614
11,-0.938706696033478,2.19433434052373
11,-0.834451198577881,0.828567267458487
11,-0.501782417297363,0.42126656880439
11,-0.754777610301971,-0.430170881087103
11,-0.628905177116394,-0.259398124526734
11,2.09887933731079,0.794907855759381
11,0.827483057975769,-0.247199984601513
11,-0.361162424087524,2.15597622081101
11,0.274705350399017,0.196276545102887
11,-1.27238762378693,-1.1099013536141
11,-0.00632766308262944,0.205512316362568
11,0.0877631679177284,1.02664007902411
12,-0.610693156719208,-1.46905893516822
12,-0.870934665203094,-0.941827330516235
12,-0.679334878921509,-0.12791322480848
12,-0.251298695802689,-0.255065532747449
12,0.209304198622704,-1.20819313572582
12,-0.723985135555267,-0.168804978108536
12,-0.49369889497757,-0.406281469994659
12,1.36925983428955,0.874706502837513
12,1.94490444660187,0.710025565318121
12,-0.956231236457825,0.792350214953938
12,0.708092331886292,-0.28739471043505
12,-0.361201375722885,-0.814551638693887
12,0.553596675395966,1.00448958309986
12,0.79767632484436,2.56737320346558
12,-0.811713516712189,1.34160879137263
12,-1.42345571517944,0.0613660991427379
12,-1.15946960449219,0.284714879825302
12,0.913511693477631,-1.77954317421587
12,2.29744434356689,0.443746165787209
12,-0.492336988449097,-0.489489879196998
12,0.0101249450817704,0.423658143735262
12,0.0304396972060204,-0.555915139926943
13,-0.941939949989319,1.16936380855274
13,-0.0212984792888165,-0.834175635740545
13,1.36506032943726,-1.63802640910236
13,-1.45435845851898,-0.793042033006343
13,-1.18862318992615,2.17298114322115
13,0.526826798915863,0.765728289965885
13,0.0499242693185806,-1.01789252659217
13,1.5631355047226,-0.173829980502469
13,-1.20670938491821,-0.781603436884928
13,-0.0971120893955231,-0.561270518673744
13,1.66592788696289,1.22670222095745
13,-1.03503572940826,0.157075901727454
13,-1.09965395927429,-1.41156466428504
13,-0.487761586904526,-0.810199803778771
13,-0.0422439947724342,1.36849257995899
13,-1.35539424419403,-0.882986735420687
13,1.04534482955933,-0.144611171761363
13,-0.196122661232948,0.968497559412284
13,-1.32232451438904,0.449475888209062
13,-0.738599002361298,0.505761231084508
13,-0.0424941666424274,-0.450237526845752
13,-0.0393504500389099,0.0182239313705448
13,0.220327153801918,0.473180689018421
13,-0.936200082302094,-1.47644621247076
13,0.13575279712677,0.755938196239514
13,-1.00212359428406,-0.0433482817542339
13,0.3589086830616,0.0158333940948172
13,0.622474312782288,-0.341440847184025
13,0.671455383300781,-0.408199588867359
13,0.33028656244278,-0.159794476690082
13,0.324152916669846,-0.804092559700485
13,-0.259414941072464,-0.885694684347701
13,-0.830663740634918,-0.750910975223461
13,-0.61863124370575,0.439547759185974
13,0.0503919310867786,-0.597526708975005
13,1.10226500034332,-1.00461855384528
13,-0.81587028503418,0.64033008406995
13,-0.906706929206848,2.61876430253261
13,0.677276611328125,0.558237836673858
13,0.877434372901917,-1.51744143397602
13,-0.691501080989838,1.27458470964268
13,0.14386610686779,0.761800668544611
13,-0.301807403564453,0.233381351740287
13,-0.0673700049519539,0.922763703229903
13,1.51056885719299,-1.64346566519009
13,-0.65932708978653,0.267776252969626
13,-0.948604702949524,-0.342446299120453
13,1.1055428981781,1.48104637399955
13,0.147111997008324,-0.11098140507602
13,0.529119968414307,-0.0462250615068368
13,0.465041905641556,1.96850068001826
13,-0.431152760982513,1.35875048436205
13,-0.955247044563293,-0.690636201249109
13,-0.966743171215057,-0.146732458535222
13,-0.86731481552124,0.129649054932001
13,0.59452623128891,-0.477011112654187
13,1.52583825588226,1.49345519437318
13,3.53356456756592,-0.453489668178195
13,2.25866007804871,-1.13957074830351
13,-0.873086154460907,-1.65632990464516
14,-0.385257691144943,-0.168661623065727
14,1.24346435070038,-0.515716336684462
14,-0.662777185440063,1.55551840078213
14,-0.696430504322052,0.851167330043963
14,0.94577169418335,1.3093051758821
14,0.309802532196045,-0.119961888777126
14,-0.685783267021179,-0.380458760556009
14,0.895224690437317,0.0669578174788194
14,0.201152086257935,0.469473374653587
14,-0.449101120233536,2.16377898722758
14,-1.34741413593292,-0.109728502517997
14,1.4384251832962,-0.642290114785278
14,0.342785567045212,0.361150017288561
14,-0.599885404109955,0.242588592015367
14,0.482587367296219,-0.761238826017869
14,0.59188985824585,0.706764214568019
14,-0.178805276751518,-0.904328822137058
14,2.08220481872559,-0.429759617266322
14,-1.09738051891327,1.11107402915609
14,0.946492075920105,0.347845662940091
14,-0.585612893104553,-0.449840295129877
14,-1.1934552192688,-0.689381847405123
14,-0.449698776006699,0.8476628893673
14,0.0169460847973824,1.29490578565163
14,-0.95625776052475,-1.24033044106461
14,0.584753930568695,-2.2531967465795
14,-0.78880512714386,0.724090251332004
14,1.07628703117371,0.862034233121258
14,-1.6328409910202,-0.0491062703983428
14,-0.327702522277832,-0.770540970210811
14,0.482634663581848,0.678825506387254
14,2.65553331375122,-2.42948389305509
14,-0.123431101441383,-0.351158899079258
14,-0.839865207672119,-0.0274476368413627
14,-1.29545044898987,-1.30051077632394
15,-0.316876769065857,-0.684058237358611
15,0.571142375469208,1.81922738815935
15,0.493460714817047,-1.73983523309334
15,0.274019926786423,0.953403477455396
15,-1.10293841362,0.582338188123115
15,1.01718258857727,-1.61842191816082
15,-0.115443766117096,0.932062876334005
15,1.3563220500946,0.529449378635155
15,-1.51477837562561,-0.313496949656633
15,0.232216194272041,0.649017091745181
15,-1.15521812438965,0.449366300435144
15,-0.320066303014755,0.67583001659421
15,-0.704967498779297,0.242243231876941
15,-1.43465209007263,0.065094822002707
15,-0.0895887240767479,-1.19060813630869
15,0.774236083030701,-0.507332265673783
15,1.10367500782013,0.610367812781618
15,-0.733685612678528,-1.04990794511437
15,-0.873697102069855,-0.621261617595736
15,2.54360771179199,-1.47792086460114
15,-0.328251212835312,1.47265471229215
15,0.324301570653915,0.221787871128137
16,-0.167081266641617,1.46429229273618
16,-0.749189436435699,0.468189480379206
16,1.05836427211761,1.0794803864813
16,-0.120779819786549,-0.78124786695913
16,0.0185313243418932,1.53395651186467
16,-0.503104329109192,0.976689113285385
16,-0.363722652196884,-1.98577759118305
16,2.74175810813904,-1.22831086611254
16,-0.112500764429569,-0.0201130924521618
16,-0.811533153057098,1.40613585160609
16,-0.534516930580139,-0.0201098693315288
16,0.525189518928528,-1.34016649126053
16,-0.341209024190903,-0.47568830944985
16,-0.848457396030426,-0.231365529530978
16,1.89378392696381,-0.244293404653416
16,1.80428838729858,-0.704923191235143
16,-0.0478602536022663,1.54416551089595
16,-1.36186420917511,-0.403855807623954
16,-0.985597312450409,1.82609815799494
16,-0.285675883293152,0.348981895562743
16,0.431821703910828,0.188998913180787
16,-0.242864072322845,-0.58379007835761
16,-0.611288249492645,-0.406770828816753
16,-0.813034296035767,-1.32534590296652
16,0.150311350822449,-0.706436585186728
16,-0.340238988399506,-0.0947873518840808
16,2.36100053787231,-0.521118781951913
16,0.817021250724792,-0.361096348550197
16,-0.504816651344299,1.17735140551636
16,-0.319381415843964,-0.949950102980014
16,-0.755182445049286,-0.794832653091544
16,-0.982171297073364,1.16564113407404
17,0.541610598564148,0.824532502096891
17,-0.027328509837389,-0.62141861226453
17,-0.014516175724566,3.05519331332263
17,-0.111227601766586,-1.43909222731298
17,-0.739363610744476,0.521464849563285
17,-1.05552113056183,-1.93103891850202
17,-1.08970594406128,0.702028709185118
17,0.132026061415672,-0.423065822708699
17,-0.203322812914848,0.661386250963232
17,0.691897928714752,-0.672229962169893
17,0.596538603305817,-0.431860037627524
17,-0.431234449148178,0.302653089101064
17,-1.70481872558594,1.32730317220833
17,-0.738673746585846,-0.797959937220891
17,-0.0417420342564583,-0.470297352356146
17,-1.13468074798584,-0.229698462436439
17,0.593440353870392,-0.0356250372709455
17,0.229389280080795,-0.711574491517978
17,-0.965665817260742,-0.485713829865027
17,0.506616830825806,1.03967162618652
17,1.00976717472076,-0.0210511200301336
17,-1.0422660112381,0.605586854968262
17,-0.509869158267975,0.751069563872687
17,1.78044807910919,-1.81242612916188
17,-0.236218735575676,-0.714059071796663
17,0.263833045959473,1.09853268444222
17,-0.845598518848419,0.480348738103817
17,-0.302519679069519,0.775702142172364
17,-0.768739879131317,-1.07316857920937
17,0.638517022132874,0.783629404859034
17,0.0690833181142807,0.681479329844375
17,0.410050481557846,-0.509105590456017
17,0.49672594666481,-0.32973892696704
17,-0.385309875011444,0.0027098282990253
17,2.22498250007629,-0.289628154540368
17,3.63349366188049,-1.16785635184313
17,0.0286706201732159,1.23065844688126
17,-0.993379592895508,-1.48688131845354
17,-0.505389630794525,0.809539427641093
18,-0.279335618019104,-0.0267502535980466
18,0.814211845397949,1.00849586702089
18,0.0456711947917938,-1.43938072748815
18,-0.271378189325333,1.29468205698906
18,0.0869425386190414,-0.0863133954848924
18,0.0974921956658363,0.145254609916575
18,-1.321244597435,-0.532167562870644
18,0.492834478616714,0.753435485334076
18,-0.786624789237976,0.207349069082396
18,-0.634127855300903,-1.04441752043762
18,-0.625554859638214,0.567094304912573
18,2.2071750164032,-0.196359214112666
18,3.36041641235352,-0.224458709406529
18,0.917530119419098,0.314218512911527
18,-0.880039215087891,0.340217215184381
18,-0.529868006706238,0.330022538961971
18,-0.688627302646637,-1.45233531175603
18,-0.43173536658287,0.106038811024831
18,-1.07519054412842,-0.0880604000481952
18,0.425640851259232,0.0425745511233078
18,-0.512621283531189,-1.18059280365258
18,-0.325246393680573,2.81686351682031
18,-0.269201785326004,-0.0282903788201684
18,0.526985347270966,-0.0662992830011482
18,-1.30488157272339,0.999752533094489
18,0.00568329822272062,-0.14888366460591
18,-0.421049922704697,0.277179312482351
18,2.92082953453064,-0.513940695821627
18,0.96503609418869,-0.645526259352106
18,1.18636453151703,0.803046752965963
18,-1.03261852264404,0.946371163495987
18,-0.652399957180023,0.282864775406709
18,0.46448165178299,0.881980419190535
18,1.00177776813507,-3.02880114802959
18,-0.208968475461006,1.49693080442272
18,0.0832832530140877,0.274484592637976
18,0.153325438499451,-1.31043779853394
18,-1.26277410984039,-0.285279092088114
18,-0.0392263643443584,-0.353719402504208
18,-0.645709931850433,1.01753259257235
18,-0.474237024784088,-0.952412355973826
18,-0.394360601902008,-1.54199888759751
18,0.359941333532333,-0.576367176737668
18,-0.499504685401917,-0.74594869696297
18,1.22046339511871,-0.821515374034727
18,-0.326447546482086,-0.579114831127909
18,1.17266023159027,1.73917762834151
18,-0.502878248691559,1.74412601872579
18,-1.39078879356384,-0.186771060516092
18,-0.722104132175446,-0.333551128055407
19,-1.12485706806183,-0.703797307836485
19,0.621205508708954,0.455683838548428
19,-0.894159018993378,-0.289489307045308
19,2.09459137916565,-0.72183085490063
19,0.0154312495142221,-0.309257589418047
19,0.636773824691772,0.0731483455887576
19,-1.10275137424469,0.996180497513967
19,0.195566862821579,-0.398428733757544
19,0.701712012290955,0.839314134927946
19,1.43014633655548,-0.776089754448639
19,-0.826424658298492,-0.453382198592375
19,-0.971080899238586,1.72038599741086
19,1.1672511100769,0.226910244447455
19,0.645046949386597,0.397178458011921
19,-0.484374195337296,-0.725449806020782
19,0.205012276768684,-0.503242732053699
19,-1.02600193023682,-0.879442171497999
19,0.686930000782013,-0.593862647117623
19,0.799312114715576,-0.658434306714829
19,0.859714984893799,0.31574378568165
19,1.38138318061829,1.31614840823956
19,-0.763366937637329,0.796385758041369
19,-0.720258891582489,-0.26655054901802
19,-0.947517871856689,1.15883324390198
19,-0.592347502708435,-0.852869828362996
19,0.0880161598324776,-1.00627406697964
19,-0.909118413925171,0.302020923916145
19,-1.05514478683472,0.931768229658076
19,2.74691891670227,-1.69925971905515
19,-1.46612286567688,0.151267440055669
19,-0.789800584316254,3.90104978896918
19,-0.0878018662333488,-0.111002490065645
19,1.19525718688965,0.420122059584558
19,0.876981496810913,-2.12126102865337
19,0.50823849439621,0.0948257308775531
19,-1.0695424079895,-0.171562522621389
19,0.180187478661537,-0.374682974384316
19,-0.945418000221252,-0.740454261053302
19,-0.619422316551208,-0.230406051871926
19,0.285348832607269,-0.00270083138469766
19,-0.925514698028564,0.492764847479321
20,-1.35143649578094,-1.56326843943255
20,-0.979504525661469,0.588783615387276
20,-0.813559114933014,1.87544086080976
20,0.227325975894928,0.376537887804995
20,-1.10709393024445,0.670428973666611
20,-0.654722034931183,-0.618347158890024
20,-0.370051175355911,0.673834465810015
20,-0.143089562654495,0.293438343444648
20,0.626842439174652,-2.15237261744124
20,-0.857682526111603,0.384639821324687
20,-0.777892410755157,-0.442910043193494
20,-0.782433748245239,1.11425128187851
20,0.543693244457245,-0.447017198551712
20,2.72336506843567,1.61896961670172
20,-1.63530504703522,0.99620229734337
20,1.03965854644775,-0.233466027133036
20,1.02232718467712,0.496967054291337
20,-0.482947111129761,1.17570927027464
20,0.686827719211578,-0.0657756884486429
20,1.5784672498703,-0.474285944057832
20,-0.808996856212616,-0.923636422429973
20,0.786181688308716,0.20062907336058
20,-0.25196784734726,-0.757247184502858
20,1.26221323013306,1.35169289917842
20,0.801249265670776,0.555836575730929
20,1.14872133731842,-1.70074592880297
20,-1.03142845630646,-1.57449842459139
20,0.796562254428864,-1.36230936567632
20,0.466531425714493,-0.0520238359921796
20,-1.35797119140625,0.960931579403071
20,0.320212960243225,-0.198467113770236
20,-0.12285852432251,0.0680307515583883
20,-0.62421703338623,0.302912759372956
20,-0.405530512332916,-0.887280232066402
20,-0.358839452266693,1.39769255421302
20,-0.737183809280396,-0.477703714023874
20,1.62453103065491,-1.1715743425502
21,1.10430562496185,-0.562142270393641
21,-0.532152473926544,-0.297140294061611
21,1.68522608280182,1.00862440614124
21,0.218972206115723,-1.26797526577102
21,1.12137722969055,-0.429897110203868
21,0.317761361598969,0.00998331144187701
21,-0.699866950511932,1.87260681114461
21,-1.04905843734741,-1.83623974107578
21,1.41491854190826,0.669468515835946
21,-0.504961848258972,1.63964647631815
21,-1.16472578048706,1.65649875404815
21,-0.621405482292175,0.371153209687549
21,-1.23771405220032,-0.295805141929227
21,-0.419299423694611,1.27966724864095
21,-0.0865613594651222,-0.613036415856688
21,-1.50472176074982,1.53441872480089
21,1.78470098972321,-0.431149785205271
21,-1.08680331707001,0.403001022783996
21,-0.969155728816986,-0.561656136478509
21,-0.108054399490356,-0.29977208495537
21,0.619799137115479,-1.07778566456732
21,-0.464350044727325,-1.03483771938575
21,-0.439352095127106,0.00183977652533532
21,0.285366088151932,-1.09051013172245
21,0.119815409183502,0.0500184010053825
21,0.619784653186798,0.742084398880093
21,1.18533647060394,1.48458893470494
21,0.52088189125061,0.928173413991643
21,-0.948688805103302,-0.385565181768245
21,-1.36260414123535,-0.862082795287554
21,0.0234483852982521,0.00222207442877644
21,1.52706241607666,-1.98592842952873
21,1.08560109138489,0.231973113997635
21,1.20609152317047,0.0114909407917274
21,-1.64097261428833,-0.865935366977855
22,-0.0382159240543842,-1.23043106599416
22,-0.919557929039001,2.50987436406075
22,0.0769360959529877,-0.0816507767163817
22,0.428722709417343,2.08964781661599
22,0.638214111328125,0.738762570374845
22,1.57459819316864,-1.57518673749919
22,-1.08043003082275,1.03979154310706
22,3.40145397186279,1.217923193481
22,0.297963917255402,-1.261749412289
22,0.602004885673523,-0.69591979298308
22,-0.249239578843117,-1.44002038494578
22,-1.0399181842804,1.11845171814398
22,0.256953537464142,1.59774502489223
22,0.269172519445419,0.356888898484346
22,1.14969742298126,-0.951293979689177
22,-0.41607254743576,0.476667687620495
22,-0.0157183688133955,-0.93798569076944
22,-1.39951825141907,-0.475460063112496
22,-0.419789463281631,-0.804192872622742
22,-0.881002902984619,-0.674697974235526
22,0.0270902011543512,-0.305787523570889
22,-1.02160310745239,-0.0529917097372427
22,-1.23189723491669,0.370742143762503
22,-0.250440001487732,0.17164464739393
22,-0.702029466629028,-0.643086250591468
22,-0.206533715128899,0.775970984688587
22,0.172337219119072,0.102775925915529
22,0.141953304409981,-0.406158055779433
22,-0.769110798835754,-0.199489979642027
22,1.93733489513397,-0.335466664695304
22,0.376226454973221,-0.0588763088689821
22,-0.709581851959229,-0.436441274798903
23,-1.07100820541382,-1.2077830205316
23,-0.1438839584589,1.54429897365916
23,-0.297079116106033,-0.523092744908605
23,1.36897373199463,1.60570973584156
23,0.377521395683289,-1.29301233096587
23,-0.269804805517197,0.866326480140426
23,0.0631042644381523,-1.56695872982471
23,-0.454928398132324,-0.076205745259358
23,1.28191757202148,-1.83314482104127
23,0.627679109573364,-1.17321249306899
23,2.43143892288208,1.15693540764932
23,0.499796748161316,-0.245610707858029
23,0.13644540309906,-0.568510515526295
23,-1.51386964321136,0.316212598040655
23,-0.749358654022217,0.0513857413122666
23,-1.9445503950119,1.20083010195477
23,-0.372970521450043,-0.53100610212309
23,0.128626346588135,-1.90821349624357
23,-0.796638667583466,0.584457238350184
23,-0.653138041496277,-1.05467716407761
23,-0.918071329593658,0.536854666775529
23,0.441463589668274,0.260124061804584
23,-1.19528150558472,0.915318935753927
23,-0.0804778188467026,0.922163690703412
23,1.16455161571503,-0.171830809619682
23,1.44728195667267,0.629890316282885
23,-1.08930504322052,-0.148003021459508
23,0.0593310333788395,0.170032967471831
23,1.50345087051392,0.362846317079197
23,0.0187831483781338,1.1778744696885
24,0.136737421154976,-0.657646283030298
24,-0.479811757802963,0.141870013233346
24,0.611096739768982,-0.932304736933272
24,-1.59502267837524,-0.823788375670082
24,2.17336964607239,-1.23713736585751
24,1.31524586677551,-0.779316136672901
24,1.01108884811401,0.2431577391963
24,-0.173712596297264,0.310098556269798
24,0.384561538696289,0.99481639008539
24,0.296726018190384,-0.0388041165751257
24,-0.879766821861267,0.533376513491484
24,1.70414066314697,0.306030209535247
24,-0.0180819798260927,1.53606574616878
24,-0.0873410031199455,0.744264530847486
24,2.59280395507813,-1.34151964504983
24,0.839561998844147,0.508558242100403
24,-0.284036815166473,0.20482886921583
24,-0.219413384795189,-0.362916358922615
24,1.73147642612457,-1.08715717142872
24,-0.820081532001495,0.893164697317516
24,-0.882039606571198,0.146116017090543
24,-0.642857611179352,-1.00367469075198
24,-0.636587202548981,1.14231156044233
24,2.50714659690857,0.77279982589531
24,-0.732734084129333,-0.819497926415942
24,0.622447907924652,-0.0419177963449102
24,0.0721767395734787,0.662627651434099
24,-1.10137116909027,0.308849429961021
24,0.0871132463216782,-0.752456553264904
24,-1.27147090435028,-0.692420523406399
24,-0.231251284480095,-1.7763440518934
24,0.447883367538452,-1.5600927033745
24,0.91270112991333,2.16842717124349
24,-0.263500332832336,1.53222985422606
24,-0.660807371139526,1.53734913123338
24,-0.265573441982269,1.17159090202283
24,0.71415650844574,1.38464951948748
24,-1.38410747051239,-0.150398872599158
24,-1.06129479408264,-0.698965512956878
24,0.310580849647522,1.78834986445693
24,-0.963355541229248,0.314759011195531
24,-0.0996715500950813,-0.840296040573997
24,0.51684296131134,-2.13975673931465
24,-1.16911900043488,-0.279736829081421
24,-1.39129447937012,0.274158051935221
24,-0.317153036594391,-1.58204726643113
24,-0.763279974460602,-0.0444136320112386
24,0.388448774814606,-0.706050265259837
24,-1.31704080104828,-0.345794635228824
24,-0.0382372736930847,-0.0911794027507611
24,0.373708158731461,1.16518413371447
